No,Kode Barang,Nama Barang,Kategori,Sub Kategori,Satuan 1,Satuan 2,Satuan 3,HJ 1 - Satuan 1,HJ 1- Satuan 2,HJ 1 - Satuan 3
1,0,ONGKOS KIRIM,MISC,MISC,___,___,___,"5,000.00","10,000.00","15,000.00"
2,1,_______,MISC,MISC,___,___,___,"10,500.00","9,700.00",100
3,2,________,MISC,MISC,___,___,___,"167,500.00","92,500.00",100
4,10001,ADEM SARI,MINUMAN,MIN,PRES,PRES,DOS,"50,000.00","50,000.00","1,185,000.00"
5,10002,AGAR KERETA KENCANA MR,JELLY,JELLY,BKS,KTK,DOS,"2,000.00","20,000.00","430,000.00"
6,10003,AGAR KERETA KENCANA HJ,JELLY,JELLY,BKS,KTK,DOS,"2,000.00","20,000.00","430,000.00"
7,10004,AGAR KERETA KENCANA PTH,JELLY,JELLY,BKS,KTK,DOS,"2,000.00","20,000.00","430,000.00"
8,10005,AGAR KERETA KENCANA CKLT,JELLY,JELLY,BKS,KTK,DOS,"2,000.00","20,000.00","430,000.00"
9,10006,AGAR LOS FUJI,BAHAN KUE,BHNK,ONS,KG,KG,"35,000.00","225,000.00","225,000.00"
10,10007,AGAR SRITI SUPER MR,JELLY,JELLY,BKS,KTK,DOS,"4,250.00","44,500.00","1,050,000.00"
11,10008,AGAR SRITI SUPER HJ,JELLY,JELLY,BKS,KTK,DOS,"4,250.00","44,500.00","1,050,000.00"
12,10009,AGAR SRITI SUPER PTH,JELLY,JELLY,BKS,KTK,DOS,"4,250.00","44,500.00","1,050,000.00"
13,10010,AGAR SRITI SUPER CKLT,JELLY,JELLY,BKS,KTK,DOS,"4,250.00","44,500.00","1,050,000.00"
14,10011,AGAR SRITI SY MR,JELLY,JELLY,BKS,KTK,DOS,"2,500.00","26,000.00","602,500.00"
15,10012,AGAR SRITI SY HJ,JELLY,JELLY,BKS,KTK,DOS,"2,500.00","26,000.00","602,500.00"
16,10013,AGAR SRITI SY PTH,JELLY,JELLY,BKS,KTK,DOS,"2,500.00","26,000.00","602,500.00"
17,10014,AGAR SRITI SY CKLT,JELLY,JELLY,BKS,KTK,DOS,"2,500.00","26,000.00","602,500.00"
18,10015,AJINO 1/4KG,MSG,MSG,BKS,PRES,DOS,"12,000.00","117,500.00","925,000.00"
19,10016,AJINO 1KG HALUS,BUMBU,BUMBU,BKS,BKS,DOS,"45,500.00","45,500.00","872,000.00"
20,10017,AJINO 50GR,MSG,MSG,BKS,PRES,DOS,"3,000.00","52,500.00","615,000.00"
21,10018,AJINO HIJAU XXXXXXXX,MSG,MSG,RTG,PRES,DOS,800,"15,000.00","177,000.00"
22,10019,AJINO P 500 XXXXXX,MSG,MSG,PRES,PRES,DOS,"9,000.00","9,000.00","139,000.00"
23,10020,AJINO P1000,MSG,MSG,BKS,PRES,DOS,"1,000.00","17,500.00","305,000.00"
24,10021,ALPINA,TEPUNG,TEPUNG,ONS,ONS,KG,"7,000.00","7,000.00","65,000.00"
25,10022,AMH JAHE SUPER,MINUMAN,MIN,RTG,RTG,DOS,"9,000.00","9,000.00","172,500.00"
26,10023,AQUA 1500ML,MINUMAN,MIN,BTL,BTL,DOS,"5,000.00","5,000.00","54,000.00"
27,10024,AQUA 330ML,MINUMAN,MIN,DOS,DOS,DOS,"37,500.00","37,500.00","37,500.00"
28,10025,AQUA 600ML,MINUMAN,MIN,BTL,BTL,DOS,"2,500.00","2,500.00","48,000.00"
29,10026,AQUA GLS,MINUMAN,MIN,DOS,DOS,DOS,"34,000.00","34,000.00","34,000.00"
30,10027,ARAK MASAK GENTONG,BUMBU,BUMBU,BTL,LOS,DOS,"34,000.00","33,000.00","395,000.00"
31,10028,ATTACK 800GR,DETERGEN,DET,BKS,BKS,DOS,"26,500.00","25,500.00","310,000.00"
32,10029,ATTACK EASY 700GR,DETERGEN,DET,BKS,BKS,DOS,"20,000.00","20,000.00","230,000.00"
33,10030,ATTACK EASY CAIR 42ML,DETERGEN,DET,LSN,LSN,DOS,"10,500.00","10,500.00","120,000.00"
34,10031,ATTACK JAZ1 60GR,DETERGEN,DET,RTG,LSN,DOS,"5,000.00","10,000.00","112,000.00"
35,10032,ATTACK JAZ1 900GR,DETERGEN,DET,BKS,BKS,DOS,"14,000.00","14,000.00","155,000.00"
36,10033,ATTACK SOFT EASY SC 50GR,DETERGEN,DET,RTG,LSN,DOS,"5,000.00","10,000.00","110,000.00"
37,10034,AUTAN SC,LOTION,LOT,RTG,PRES,DOS,"5,500.00","65,000.00","512,500.00"
38,10035,AXXXXXXXX,,,KG,KG,KG,"45,000.00","385,000.00","385,000.00"
39,10036,AXXXXXXXXXXX,,,PCS,PRES,DOS,"5,000.00","53,000.00","530,000.00"
40,10037,AJINO 100gr Rp 5000an,,,PCS,PRES,DOS,"5,000.00","53,000.00","525,000.00"
41,10038,ALAMI,,,PRES,PRES,PRES,"80,000.00",0,0
42,10039,AQUVIVA 250ML,,,KRAT,KRAT,KRAT,"19,000.00",0,0
43,10040,AQUVIVA 700ML,,,BTL,BTL,KRAT,"2,500.00","2,500.00","22,000.00"
44,10041,AQUVIVA 1600ML,,,BTL,BTL,KRAT,"5,000.00","4,500.00","24,000.00"
45,10042,A________,,,PCS,PCS,PCS,0,0,0
46,10043,A________,,,PCS,PCS,PCS,0,0,0
47,10044,A________,,,PCS,PCS,PCS,0,0,0
48,20001,BABY HAPPY M,MISC,MISC,RTG,RTG,DOS,"10,000.00","10,000.00","75,000.00"
49,20002,BABY HAPPY L,MISC,MISC,RTG,RTG,DOS,"10,000.00","10,000.00","75,000.00"
50,20003,BABY HAPPY XL,MISC,MISC,RTG,RTG,DOS,"13,000.00","13,000.00","92,500.00"
51,20005,BAKING POWDER,BAHAN KUE,BHNK,ONS,KG,ZAK,"6,000.00","48,500.00","1,150,000.00"
52,20006,BAKING POWDER RW,BAHAN KUE,BHNK,PRES,PRES,PRES,"10,000.00","10,000.00","10,000.00"
53,20008,BATERAI ABC K.,MISC,MISC,IKT,KTK,DOS,"11,000.00","56,000.00","650,000.00"
54,20009,BATERAI ABC REMOTE,MISC,MISC,PCS,IKT,LSN,"2,500.00","4,000.00","25,000.00"
55,20010,BATERAI ABC T.,MISC,MISC,BIJI,BIJI,IKT,"3,000.00","3,000.00","6,000.00"
56,20011,BAWANG BOMBAY,PALAWIJA,PLWJ,KG,KG,ZAK,"38,000.00","35,000.00","530,000.00"
57,20012,BAWANG KATING,PALAWIJA,PLWJ,ONS,LOS,KG,"4,500.00","33,500.00","34,000.00"
58,20013,BAYGON BAKAR K,MISC,MISC,KTK,KTK,DOS,"3,000.00","3,000.00","180,000.00"
59,20014,BAYGON BAKAR LAVENDER,MISC,MISC,KTK,KTK,DOS,"4,250.00","4,250.00","235,000.00"
60,20015,BEAR BRAND,SUSU,SUSU,KLG,KLG,DOS,"10,500.00","10,250.00","290,000.00"
61,20016,BENDERA CKLT SC.,SUSU,SUSU,PRES,PRES,DOS,"7,200.00","7,200.00","140,000.00"
62,20017,BENDERA KLG CKLT,SUSU,SUSU,KLG,KLG,DOS,"9,350.00","9,350.00","430,000.00"
63,20018,BENDERA KLG PTH,SUSU,SUSU,KLG,KLG,DOS,"9,400.00","9,600.00","440,000.00"
64,20019,BENDERA PTH SC.,SUSU,SUSU,PRES,PRES,DOS,"7,500.00","7,500.00","145,000.00"
65,20020,BENDERA SKM POUCH 200ML,SUSU,SUSU,PCS,PCS,DOS,"9,500.00","9,500.00","210,000.00"
66,20021,BENDERA SKM POUCH 560ML,SUSU,SUSU,PCS,PCS,DOS,"16,000.00","16,000.00","355,000.00"
67,20022,B CHOCODRINK CHOCOlatos WING 2+1,MINUMAN,MIN,RTG,RTG,DOS,"20,000.00","20,000.00","151,000.00"
68,20023,BENZOAT,BAHAN KUE,BHNK,Ons,KG,KG,"9,000.00","80,000.00","80,000.00"
69,20024,BERAS 10KG BINTANG BIRU,BERAS,BERAS,BKS,BKS,BKS,"152,000.00","152,000.00",0
70,20025,BERAS 10KG LAHAP,BERAS,BERAS,ZAK,ZAK,ZAK,"150,000.00","149,000.00",0
71,20026,BERAS 10KG MELON SUPER,BERAS,BERAS,BKS,BKS,BKS,"148,000.00","147,000.00",0
72,20027,BE XXXXXXXXX,BERAS,BERAS,BKS,BKS,BKS,"140,000.00",0,0
73,20028,BERAS 10 KG LOMBOK,BERAS,BERAS,BKS,BKS,BKS,"153,000.00","151,000.00",0
74,20029,BERAS 10 KG ________,BERAS,BERAS,BKS,BKS,BKS,"96,000.00","96,000.00","96,000.00"
75,20030,BERAS 5KG BINTANG BIRU,BERAS,BERAS,BKS,LOS,ZAK,"77,500.00","77,000.00","382,500.00"
76,20031,BERAS 5KG LAHAP,BERAS,BERAS,BKS,LOS,BKS,"76,000.00","75,500.00",0
77,20032,BERAS 5KG MELON,BERAS,BERAS,BKS,LOS,BKS,"75,500.00","74,500.00",0
78,20033,BERAS 5KG MENTARI,BERAS,BERAS,BKS,LOS,BKS,"76,000.00","75,500.00",0
79,20034,BERAS 5KG madinah,BERAS,BERAS,BKS,LOS,BKS,"77,000.00","76,500.00",0
80,20035,BERAS 5KG SPHP,BERAS,BERAS,BKS,BKS,ZAK,"60,000.00","59,000.00",0
81,20036,BERAS 5KG kecombrang,BERAS,BERAS,BKS,BKS,ZAK,"69,000.00","68,500.00",0
82,20037,BERAS 25KG BINTANG BIRU,BERAS,BERAS,KG,KG,ZAK,0,0,"380,000.00"
83,20038,BERAS 25KG PAK TANI,BERAS,BERAS,ZAK,ZAK,ZAK,1,1,"342,500.00"
84,20039,BERAS JAGUNG,PALAWIJA,PLWJ,KG,LOS,ZAK,"9,500.00","9,000.00","217,500.00"
85,20040,BERAS 25KG KEONG MAS,BERAS,BERAS,KG,KG,ZAK,"242,500.00","242,500.00","242,500.00"
86,20041,BERAS 25KG MANALAGI,BERAS,BERAS,KG,KG,ZAK,"14,500.00","14,500.00","345,000.00"
87,20042,BERAS 25KG MELON SUPER,BERAS,BERAS,KG,KG,ZAK,0,0,"365,000.00"
88,20043,BERAS 25KG MENTARI,BERAS,BERAS,KG,KG,ZAK,1,1,"370,000.00"
89,20044,BERAS 25KG anak tani,BERAS,BERAS,KG,KG,ZAK,"13,500.00","13,500.00","327,500.00"
90,20045,BERAS 25KG LAHAP,BERAS,BERAS,KG,KG,ZAK,0,0,"370,000.00"
91,20046,BERAS 25KG kecombrang,BERAS,BERAS,KG,KG,ZAK,"14,000.00","14,000.00","335,000.00"
92,20047,BERAS 25KG ________,BERAS,BERAS,KG,KG,ZAK,"10,000.00","10,000.00","222,500.00"
93,20048,BIHUN JAGUNG PADAMU KN.,MIHUN,MIHUN,BKS,LOS,BAL,"3,500.00","3,400.00","73,000.00"
94,20049,BIHUN JAGUNG PADAMU MR,MIHUN,MIHUN,BKS,LOS,BAL,"6,500.00","6,300.00","72,500.00"
95,20050,BIHUN JAGUNG PADAMU OR.,MIHUN,MIHUN,BKS,RTG,BAL,"1,900.00","7,500.00","77,500.00"
96,20051,BIO 200GR,MSG,MSG,BKS,PRES,DOS,"11,500.00","110,000.00","880,000.00"
97,20052,xxx BIO 40GR,MSG,MSG,BKS,PRES,DOS,"1,700.00","33,000.00","340,000.00"
98,20053,BIO P1000,MSG,MSG,BKS,PRES,DOS,"1,000.00","17,500.00","255,000.00"
99,20054,BI XXXXXXXXX,MSG,MSG,RTG,PRES,DOS,"2,800.00","20,500.00","276,000.00"
100,20055,BON CABE LV 15 / 30,POWDER,PWDR,RTG,PRES,DOS,"10,500.00","20,000.00","197,500.00"
101,20056,BOOM DETERGEN 430GR,DETERGEN,DET,BKS,BKS,DOS,"5,000.00","5,000.00","50,000.00"
102,20057,BOTOL B,BTL,BTL,BTL,BTL,BTL,"1,300.00","1,300.00","1,300.00"
103,20058,BOTOL K,BTL,BTL,BTL,BTL,BTL,"1,000.00","1,000.00","1,000.00"
104,20059,BUBUR NESTLE CERELAC MR,CEREAL,CEREAL,RTG,RTG,DOS,"13,000.00","13,000.00","187,500.00"
105,20060,BUBUR NESTLE CERELAC HJ,CEREAL,CEREAL,RTG,RTG,DOS,"13,000.00","13,000.00","187,500.00"
106,20061,BUMBU RACIK TEMPE,BUMBU,BUMBU,RTG,LOS,DOS,"16,500.00","16,300.00","322,500.00"
107,20062,BUMBU RACIK SOP,BUMBU,BUMBU,RTG,LOS,DOS,"16,500.00","16,300.00","322,500.00"
108,20063,BUMBU RACIK ASEM,BUMBU,BUMBU,RTG,LOS,DOS,"16,500.00","16,300.00","322,500.00"
109,20064,BUMBU RACIK AYAM,BUMBU,BUMBU,RTG,LOS,DOS,"16,500.00","16,300.00","322,500.00"
110,20065,BUMBU RACIK IKAN,BUMBU,BUMBU,RTG,LOS,DOS,"16,500.00","16,300.00","322,500.00"
111,20066,BUMBU RACIK NASI GORENG,BUMBU,BUMBU,RTG,LOS,DOS,"16,500.00","16,300.00","322,500.00"
112,20067,xxx BIO PLUS 230ML,,,BKS,BKS,DOS,"3,500.00","3,500.00","81,000.00"
113,20068,xxx BIO PLUS 780ML,,,BKS,BKS,DOS,"14,000.00","14,000.00","165,000.00"
114,20069,Bubur Sun Merah,,,RTG,RTG,DOS,"12,000.00","12,000.00","285,000.00"
115,20070,BAWANG SICO,,,ONS,LOS,KG,"4,000.00","31,000.00","31,500.00"
116,20071,BRAMBANG PROB,,,KG,KG,KG,"30,000.00",0,0
117,20072,BAWANG GORENG BJ 50gr,,,PCS,PRES,DOS,"4,000.00","71,500.00","550,000.00"
118,20073,BAWANG GORENG BJ 100GR,,,PCS,PRES,DOS,"8,000.00","70,000.00","545,000.00"
119,20074,BIO P500 BARU,,,RTG,PRES,DOS,"2,800.00","20,500.00","392,500.00"
120,20075,BERAS 25KG LOMBOK,,,KG,KG,ZAK,0,0,"367,500.00"
121,20076,BIHUN SAWI 1/4an,,,PCS,PCS,BAL,1,1,"85,000.00"
122,20077,BERAS 5KG LOMBOK,,,BKS,BKS,BKS,"76,500.00","76,000.00",0
123,20078,Bubur Sun Hijau,,,RTG,RTG,DOS,"12,000.00","12,000.00","290,000.00"
124,20079,BERAS 10KG MENTARI,,,BKS,BKS,BKS,"150,000.00","149,000.00",0
125,20080,BERAS MELON 3KG,,,BKS,BKS,BKS,"44,000.00","43,500.00",0
126,20081,BERAS 5KG MANALAGI,,,BKS,BKS,BKS,"71,000.00","71,000.00",0
127,20082,B________,,,PCS,PCS,PCS,0,0,0
128,20083,B________,,,PCS,PCS,PCS,0,0,0
129,20084,B________,,,PCS,PCS,PCS,0,0,0
130,20085,B________,,,PCS,PCS,PCS,0,0,0
131,30001,CARNATION MILK B,MILK,MILK,KLG,LOS,DOS,"14,750.00","14,500.00","658,000.00"
132,30002,CHARM ISI 1,PEMBALUT,PMBLT,RTG,RTG,DOS,"4,500.00","4,500.00","199,500.00"
133,30003,CHARM ISI 8,PEMBALUT,PMBLT,BKS,IKT,DOS,"5,250.00","30,000.00","285,000.00"
134,30004,CHARM MALAM ISI 2,PEMBALUT,PMBLT,RTG,RTG,DOS,"25,500.00","25,500.00","605,000.00"
135,30005,CHARM WING ISI 2,PEMBALUT,PMBLT,RTG,RTG,DOS,"13,500.00","13,500.00","300,000.00"
136,30006,CHEER / CLUB 600ML,MINUMAN,MIN,DOS,DOS,DOS,"28,000.00","28,000.00","28,000.00"
137,30007,CHEER / CLUB GLS,MINUMAN,MIN,DOS,DOS,DOS,"25,000.00","25,000.00","25,000.00"
138,30008,CHEER 1500ML,MINUMAN,MIN,DOS,DOS,DOS,"42,500.00","42,500.00","42,500.00"
139,30009,CHOCOLATOS Coklat,BUBUK,BUBUK,RTG,RTG,DOS,"20,500.00","20,000.00","153,000.00"
140,30010,CIPTADENT 195GR,PASTA GIGI,PSTG,KTK,LSN,DOS,"11,000.00","125,000.00","240,000.00"
141,30011,CIPTADENT 75GR ZONKKKK,PASTA GIGI,PSTG,KTK,LSN,DOS,"3,500.00",1,1
142,30012,CITRUN GAJAH 50GR,CITRUN,CITRUN,RTG,PRES,DOS,"13,000.00","47,500.00","465,000.00"
143,30013,CLING PEMBERSIH KACA 425ML,SABUN CAIR,SBNCR,BKS,BKS,DOS,"4,000.00","4,000.00","45,000.00"
144,30014,CLOSEUP GREEN 110GR,PASTA GIGI,PSTG,KTK,LSN,DOS,"11,500.00","132,000.00","525,000.00"
145,30015,CLOSEUP GREEN 160GR,PASTA GIGI,PSTG,KTK,LSN,DOS,"19,000.00","215,000.00","820,000.00"
146,30016,CLOSEUP GREEN 65GR,PASTA GIGI,PSTG,KTK,LSN,DOS,"7,000.00","78,500.00","300,000.00"
147,30017,COCO MAXI,BUBUK,BUBUK,RTG,RTG,DOS,"33,000.00","32,000.00","305,000.00"
148,30018,CONDITIONER PANTENE SC,SHAMPOO,SHMP,RTG,RTG,DOS,"9,500.00","9,500.00","183,000.00"
149,30019,CUKA SUKA SARI,CUKA,CUKA,PAK,LSN,DOS,"14,000.00","27,000.00","260,000.00"
150,30020,CHRYSANTEMUM TEA DALI CHC,MINUMAN,MIN,KTK,KTK,DOS,"19,000.00","19,000.00","1,050,000.00"
151,30021,CABE BUBUK SPC,,,KG,KG,KG,"80,000.00",0,0
152,30022,CUKA KKK Btl,,,BTL,BTL,DOS,"15,500.00","15,000.00","175,000.00"
153,30023,CENGKEH SUPER,,,KG,KG,KG,"200,000.00",0,0
154,30024,CHOCOLATOS MATCHA,,,RTG,RTG,DOS,"20,500.00","20,000.00","153,000.00"
155,30025,CLEO Btl Mini,,,KRAT,KRAT,KRAT,"18,000.00",0,0
156,30026,CHAMPION,,,RTG,RTG,DOS,"17,500.00","17,500.00","192,000.00"
157,30027,CIPTADENT 75GR 5+1,,,PCS,IKT,DOS,"3,500.00","32,500.00","195,000.00"
158,30028,C_______,,,PCS,PCS,PCS,0,0,0
159,30029,C________,,,PCS,PCS,PCS,0,0,0
160,30030,C________,,,PCS,PCS,PCS,0,0,0
161,30031,C________,,,PCS,PCS,PCS,0,0,0
162,30032,C________,,,PCS,PCS,PCS,0,0,0
163,30033,C________,,,PCS,PCS,PCS,0,0,0
164,30034,C________,,,PCS,PCS,PCS,0,0,0
165,30035,C________,,,PCS,PCS,PCS,0,0,0
166,30036,C________,,,PCS,PCS,PCS,0,0,0
167,30037,C________,,,PCS,PCS,PCS,0,0,0
168,30038,C________,,,PCS,PCS,PCS,0,0,0
169,40001,DAIA 380GR,DETERGEN,DET,BKS,LOS,DOS,"4,600.00","4,500.00","102,000.00"
170,40002,DAIA 800GR,DETERGEN,DET,BKS,LOS,DOS,"17,000.00","17,000.00","190,000.00"
171,40003,DAIA PK SC,DETERGEN,DET,LSN,LSN,DOS,"10,000.00","10,000.00","57,000.00"
172,40004,DANCOW CKLT SC 40GR,SUSU,SUSU,RTG,RTG,DOS,"37,000.00","36,000.00","560,000.00"
173,40005,DANCOW INS SC 27GR,SUSU,SUSU,RTG,RTG,DOS,"37,000.00","36,000.00","560,000.00"
174,40006,DARA BAKSO,MIE,MIE,BAL,BAL,BAL,0,0,"43,500.00"
175,40007,DESAKU TUMBAR P1000,BUMBU,BUMBU,RTG,PRES,DOS,"10,500.00","21,000.00","158,500.00"
176,40008,DOWNY 1000an,SABUN,SBN,LSN,LSN,DOS,"10,000.00","9,800.00","285,000.00"
177,40009,DOWNY 500an,SABUN,SBN,LSN,LSN,DOS,"5,000.00","5,000.00","288,000.00"
178,40010,DAIA / SOKLIN 555GR 10k,,,BKS,BKS,DOS,"9,000.00","9,000.00","105,000.00"
179,40011,DESAKU MARINASI,,,RTG,LOS,DOS,"10,000.00","9,750.00","347,500.00"
180,40012,DETERGEN BOOM CINTA / SAYANG 260GR 2+1,,,PCS,IKT,DOS,"4,000.00","10,000.00","98,000.00"
181,40013,DESAKU BAWANG PUTIH BUBUK SC,,,RTG,PRES,DOS,"10,000.00","20,000.00","158,000.00"
182,40014,DESAKU CABE BUBUK SC,,,RTG,RTG,DOS,"21,000.00","20,500.00","237,500.00"
183,40015,XXXXXX DESAKU TUMBAR P1000 BARU isi 36,,,RTG,PRES,DOS,"10,500.00","57,500.00","351,500.00"
184,40016,D_______,,,PCS,PCS,PCS,0,0,0
185,40017,D_______,,,PCS,PCS,PCS,0,0,0
186,40018,D_______,,,PCS,PCS,PCS,0,0,0
187,40019,D_______,,,PCS,PCS,PCS,0,0,0
188,40020,D_______,,,PCS,PCS,PCS,0,0,0
189,40021,D_______,,,PCS,PCS,PCS,0,0,0
190,40022,D_______,,,PCS,PCS,PCS,0,0,0
191,40023,D_______,,,PCS,PCS,PCS,0,0,0
192,40024,D_______,,,PCS,PCS,PCS,0,0,0
193,40025,D_______,,,PCS,PCS,PCS,0,0,0
194,40026,D_______,,,PCS,PCS,PCS,0,0,0
195,40027,D_______,,,PCS,PCS,PCS,0,0,0
196,40028,D_______,,,PCS,PCS,PCS,0,0,0
197,40029,D_______,,,PCS,PCS,PCS,0,0,0
198,50001,EDEL CREOLINE 1L,SABUN CAIR,SBNCR,KLG,KLG,DOS,"14,500.00","14,500.00","14,500.00"
199,50002,ENAK MILK C,MILK,MILK,KLG,KLG,DOS,"11,250.00","11,250.00","525,000.00"
200,50003,ENAK MILK P,MILK,MILK,KLG,KLG,DOS,"11,000.00","11,000.00","525,000.00"
201,50004,ENERGEN CEREAL Coklat,CEREAL,CEREAL,RTG,LOS,DOS,"20,500.00","20,000.00","308,000.00"
202,50005,ENERGEN CEREAL Vanilla,CEREAL,CEREAL,RTG,LOS,DOS,"20,500.00","20,000.00","310,000.00"
203,50006,ENERGEN CEREAL Kacang Hijau,CEREAL,CEREAL,RTG,LOS,DOS,"20,500.00","20,000.00","310,000.00"
204,50007,ENERGEN CEREAL Jahe XXXX,CEREAL,CEREAL,RTG,LOS,DOS,"20,500.00","20,000.00","312,000.00"
205,50008,ENERGEN CEREAL Kurma,CEREAL,CEREAL,RTG,RTG,DOS,"22,000.00","22,000.00","335,000.00"
206,50009,EXTRA JOSS,MINUMAN,MIN,KTK,PRES,DOS,"14,500.00","70,000.00","745,000.00"
207,50010,EDEL ABU GOSOK 250Gr,,,PCS,LOS,BAL,"3,500.00","3,250.00","72,500.00"
208,50011,EKONOMI PENCUCI 235ML,,,PCS,LOS,DOS,"3,500.00","3,500.00","79,000.00"
209,50012,E________,,,PCS,PCS,PCS,0,0,0
210,50013,E________,,,PCS,PCS,PCS,0,0,0
211,50014,E________,,,PCS,PCS,PCS,0,0,0
212,60001,FLORIDINA,MINUMAN,MIN,BTL,BTL,DOS,"3,000.00","3,000.00","31,500.00"
213,60002,FRAMBOZEN LAYAR,BAHAN KUE,BHNK,BTL,IKT,LSN,"5,000.00","27,500.00","52,500.00"
214,60003,FRAMBOZEN LONCENG,BAHAN KUE,BHNK,BTL,BTL,LSN,"13,500.00","13,000.00","136,000.00"
215,60004,F________,,,PCS,PCS,PCS,0,0,0
216,60005,F________,,,PCS,PCS,PCS,0,0,0
217,60006,F________,,,PCS,PCS,PCS,0,0,0
218,60007,F________,,,PCS,PCS,PCS,0,0,0
219,60008,F________,,,PCS,PCS,PCS,0,0,0
220,70001,GARAM GRASAK,GARAM,GRM,PRES,PRES,PRES,"9,500.00","9,000.00",0
221,70002,GARAM GRASAK LOS,GARAM,GRM,KG,LOS,KG,"5,000.00","4,500.00",0
222,70003,GARAM KAPAL 250 GR,GARAM,GRM,BKS,LOS,BAL,"2,000.00","2,000.00","65,000.00"
223,70004,GARAM Kotak cap Anak,GARAM,GRM,PRES,PRES,PRES,"6,500.00","6,000.00",0
224,70005,GERIT,MISC,MISC,PCS,PCS,PRES,"3,000.00","3,000.00","25,000.00"
225,70006,GLICO 1K WAKU CKLT/STR 35ML,ES,ES,PCS,PCS,PCS,"1,000.00","1,000.00","1,000.00"
226,70007,GLICO 2K WAKU CKLT 50ML,ES,ES,PCS,PCS,DUS,"2,000.00","2,000.00","91,000.00"
227,70008,GLICO 3K JCONE JUNIOR 40ML,ES,ES,PCS,PCS,PCS,"3,000.00","3,000.00","3,000.00"
228,70009,GLICO 3K Mochi,ES,ES,PCS,PCS,PCS,"3,000.00","3,000.00","3,000.00"
229,70010,GLICO 3K WAKU CKLT 60ML,ES,ES,PCS,PCS,PCS,"3,000.00","3,000.00","3,000.00"
230,70011,GLICO 4K FROSTBITE CUP 90ML,ES,ES,PCS,PCS,PCS,"4,500.00","4,500.00","4,500.00"
231,70012,GLICO 4K FROSTBITE PARI 60ML,ES,ES,PCS,PCS,PCS,"4,000.00","4,000.00","4,000.00"
232,70013,GLICO 5K FROSTBITE VANILA 65ML,ES,ES,PCS,PCS,PCS,"5,000.00","5,000.00","5,000.00"
233,70014,GLICO 5K HAKU MONAKA,ES,ES,PCS,PCS,PCS,"5,000.00","5,000.00","5,000.00"
234,70015,GLICO 5K JCONE PARI 120ML,ES,ES,PCS,PCS,PCS,"5,000.00","5,000.00","5,000.00"
235,70016,GLICO 5K WAKU Ikan,ES,ES,PCS,PCS,PCS,"5,000.00","5,000.00","5,000.00"
236,70017,GOLDA,MINUMAN,MIN,BTL,BTL,DOS,"3,500.00","3,200.00","35,000.00"
237,70018,GOLOK SOHUN BESAR,BIHUN,BIHUN,BKS,LOS,ZAK,"7,000.00","6,500.00","490,000.00"
238,127000,GOLOK SOHUN KECIL,BIHUN,BIHUN,PRES,PRES,IKT,"36,000.00","36,000.00","172,000.00"
239,70020,GOOD DAY CAPPUCINO,KOPI,KOPI,RTG,LOS,DOS,"21,500.00","21,000.00","241,000.00"
240,70021,G 1 xxxx,KOPI,KOPI,RTG,PRES,DOS,"12,500.00","57,500.00","285,000.00"
241,70022,G xxxx,KOPI,KOPI,RTG,PRES,DOS,"12,500.00","57,500.00","281,000.00"
242,70023,G xxxx,KOPI,KOPI,RTG,PRES,DOS,"12,500.00","57,500.00","281,000.00"
243,70024,G xxx,KOPI,KOPI,RTG,PRES,DOS,"12,500.00","57,500.00","281,000.00"
244,70025,GULA DONAT,GULA,GULA,KG,KG,ZAK,"15,500.00","15,500.00","315,000.00"
245,70026,GULA HALUS ROSE / Legi,GULA,GULA,BKS,LOS,BAL,"13,000.00","12,500.00","230,000.00"
246,70027,GULA KBA,GULA,GULA,KG,KG,ZAK,1,1,"780,000.00"
247,70028,GULA KBB,GULA,GULA,KG,KG,ZAK,"16,000.00","16,000.00","775,000.00"
248,70029,GULA RMI biru,GULA,GULA,KG,KG,ZAK,"16,000.00","16,000.00","765,000.00"
249,70030,GULA MERAH,GULA,GULA,ONS,KG,BAL,"2,000.00","17,000.00","71,000.00"
250,70031,GULA MERAH SUPER,GULA,GULA,KG,KG,BAL,"20,000.00","19,000.00","86,000.00"
251,70032,GULA PALM SUGAR,GULA,GULA,ONS,KG,DOS,"4,000.00","28,500.00","340,000.00"
252,70033,GULA PASIR 1 KG,GULA,GULA,KG,KG,KG,"13,500.00",0,0
253,70034,GULA PASIR LOS,GULA,GULA,KG,KG,KG,"13,200.00",0,0
254,70035,GULA ROSE 1 KG,GULA,GULA,KG,KG,DOS,"17,500.00","17,250.00","340,000.00"
255,70036,GULAKU 1KG,GULA,GULA,BKS,BKS,DOS,"17,000.00","17,000.00","396,000.00"
256,70037,GULA CAIR JURIGEN,GULA,GULA,JRG,JRG,JRG,"415,000.00","415,000.00","415,000.00"
257,70038,GULA KBA KEMASAN 1KG,,,KG,LOS,DOS,"17,500.00","17,250.00","407,500.00"
258,70039,GOOD DAY Mr ,,,RTG,LOS,DOS,"14,500.00","14,250.00","167,500.00"
259,70040,GARAM Kotak Bata,,,PCS,PCS,PCS,"5,000.00","4,500.00","4,500.00"
260,70041,GULA MERAH SUPER PASIRIAN,,,KG,KG,BAL,"20,000.00","19,500.00","88,000.00"
261,70042,GOOD DAY Cklt,,,RTG,LOS,DOS,"14,500.00","14,250.00","167,500.00"
262,70043,GOOD DAY Br,,,RTG,LOS,DOS,"14,500.00","14,250.00","167,500.00"
263,70044,GOOD DAY LATTE ORI / BUTTER,,,RTG,RTG,DOS,"15,000.00","15,000.00","170,000.00"
264,70045,G________,,,PCS,PCS,PCS,0,0,0
265,70046,G________,,,PCS,PCS,PCS,0,0,0
266,80001,HAND BODY SIDIA,LOTION,LOT,PRES,LSN,DOS,"10,000.00","19,000.00","110,000.00"
267,80002,HANSAPLAST ISI 100,MISC,MISC,KTK,KTK,DOS,"30,000.00","29,000.00",0
268,80003,HERS,PEMBALUT,PMBLT,BKS,BKS,DOS,"3,500.00","3,500.00","125,000.00"
269,80004,HAPPILY L,,,RTG,RTG,DOS,"22,000.00","21,000.00","240,000.00"
270,80005,HAPPILY M,,,RTG,RTG,DOS,"18,000.00","17,500.00","204,000.00"
271,80006,HAPPILY XL,,,RTG,RTG,DOS,"24,000.00","23,000.00","273,000.00"
272,80007,H________,,,PCS,PCS,PCS,0,0,0
273,80008,H________,,,PCS,PCS,PCS,0,0,0
274,80009,H________,,,PCS,PCS,PCS,0,0,0
275,80010,H________,,,PCS,PCS,PCS,0,0,0
276,80011,H________,,,PCS,PCS,PCS,0,0,0
277,80012,H________,,,PCS,PCS,PCS,0,0,0
278,80013,H________,,,PCS,PCS,PCS,0,0,0
279,90001,INDOMILK CKLT KLG,MILK,MILK,KLG,KLG,DOS,"12,000.00","11,750.00","542,500.00"
280,90002,INDOMILK CKLT SC,MILK,MILK,PRES,PRES,DOS,"8,000.00","8,000.00","145,000.00"
281,90003,INDOMILK PTH KLG,MILK,MILK,KLG,KLG,DOS,"12,000.00","11,750.00","532,500.00"
282,90004,INDOMILK PTH SC,MILK,MILK,PRES,PRES,DOS,"8,000.00","8,000.00","145,000.00"
283,90005,ISOPLUS,MINUMAN,MIN,DOS,DOS,DOS,"29,500.00","29,500.00","29,500.00"
284,90006,I________,KOPI,KOPI,PCS,PCS,PCS,0,0,0
285,90007,I________,KOPI,KOPI,PCS,PCS,PCS,0,0,0
286,90008,I________,KOPI,KOPI,PCS,PCS,PCS,0,0,0
287,90009,I________,KOPI,KOPI,PCS,PCS,PCS,0,0,0
288,90010,I________,KOPI,KOPI,PCS,PCS,PCS,0,0,0
289,90011,I________,KOPI,KOPI,PCS,PCS,PCS,0,0,0
290,90012,I________,KOPI,KOPI,PCS,PCS,PCS,0,0,0
291,90013,I________,KOPI,KOPI,PCS,PCS,PCS,0,0,0
292,90014,I________,KOPI,KOPI,PCS,PCS,PCS,0,0,0
293,90015,I________,KOPI,KOPI,PCS,PCS,PCS,0,0,0
294,100001,JAGUNG,PALAWIJA,PLWJ,KG,LOS,ZAK,"7,500.00","7,300.00","172,500.00"
295,100002,JELLY LOS SAKURA,BAHAN KUE,BHNK,ONS,ONS,KG,"25,000.00","25,000.00","185,000.00"
296,100003,JURIGEN KOSONG,MISC,MISC,JRG,JRG,JRG,"15,000.00","15,000.00","15,000.00"
297,100004,JAMUR KUPING SU,MISC,MISC,PCS,PCS,PCS,"98,000.00",0,0
298,100005,JINTEN PUTIH,,,ONS,KG,KG,"15,000.00","110,000.00","110,000.00"
299,100006,J________,,,PCS,PCS,PCS,0,0,0
300,100007,J________,,,PCS,PCS,PCS,0,0,0
301,100008,J________,,,PCS,PCS,PCS,0,0,0
302,100009,J________,,,PCS,PCS,PCS,0,0,0
303,100010,J________,,,PCS,PCS,PCS,0,0,0
304,100011,J________,,,PCS,PCS,PCS,0,0,0
305,100012,J________,,,PCS,PCS,PCS,0,0,0
306,100013,J________,,,PCS,PCS,PCS,0,0,0
307,110001,KACANG HIJAU BUTEK,PALAWIJA,PLWJ,KG,LOS,ZAK,"23,500.00","23,000.00","540,000.00"
308,110002,KACANG HIJAU KUPAS GIOK,PALAWIJA,PLWJ,KG,LOS,ZAK,"34,000.00","33,500.00","850,000.00"
309,110003,KACANG RRC KUPAS,PALAWIJA,PLWJ,KG,BAL,DOS,"36,000.00","395,000.00","775,000.00"
310,110004,Kxxxxxxxxxx,PALAWIJA,PLWJ,KG,KG,KG,"26,000.00",0,0
311,110005,KACANG TANAH 8MM,PALAWIJA,PLWJ,KG,KG,KG,"29,000.00",0,0
312,110006,KANJI B 400gr,TEPUNG,TEPUNG,BKS,BKS,BAL,"5,000.00","4,500.00","35,000.00"
313,110007,KANJI B 200gr,TEPUNG,TEPUNG,BKS,BKS,BAL,"3,000.00","2,500.00","35,000.00"
314,110008,KANJI GAJAH LAUT 10KG,MISC,MISC,BKS,BKS,BAL,"117,000.00","117,000.00","117,000.00"
315,110009,KANJI GUNUNG DUS,TEPUNG,TEPUNG,BKS,BKS,DOS,"5,000.00","5,000.00","90,000.00"
316,110010,KANJI K 150 GR,TEPUNG,TEPUNG,BKS,BKS,BAL,"2,500.00","2,500.00","28,000.00"
317,110011,KANJI K MINI 1500an,TEPUNG,TEPUNG,BAL,BAL,BAL,"25,000.00","25,000.00","25,000.00"
318,110012,KANJI MAWAR,TEPUNG,TEPUNG,KG,LOS,ZAK,1,1,"205,000.00"
319,110013,KANJI PANDA,TEPUNG,TEPUNG,KG,LOS,ZAK,"10,000.00","10,000.00","190,000.00"
320,110014,KANJI TERONG,TEPUNG,TEPUNG,KG,LOS,ZAK,"9,000.00","9,000.00","200,000.00"
321,110015,KANJI TANI LTK 1KG,KANJI,KANJI,BKS,BKS,DOS,"35,000.00","34,500.00","815,000.00"
322,110016,KOPI KAPAL API FRESCO SUSU,KOPI,KOPI,RTG,RTG,DOS,"14,500.00","14,000.00","156,000.00"
323,110017,KARA BUBUK,FOOD,FOOD,RTG,RTG,DOS,"13,000.00","13,000.00","72,500.00"
324,110018,KARET PIALA / 999,MISC,MISC,BKS,BKS,KG,"12,500.00","12,500.00","23,500.00"
325,110019,KECAP 2 IKAN B,KECAP,KECAP,ISI,BTL,PETI,"27,500.00","28,500.00","675,000.00"
326,110020,KECAP 2 IKAN K,KECAP,KECAP,ISI,BTL,PETI,"16,500.00","17,500.00","780,000.00"
327,110021,KECAP ABC ASIN BTL 620ML,KECAP,KECAP,ISI,BTL,DOS,"17,500.00","18,500.00","202,500.00"
328,110022,KECAP ABC ASIN MJ 135ML,KECAP,KECAP,BTL,LOS,DOS,"5,500.00","5,250.00","242,500.00"
329,110023,KECAP ABC MANIS 6 KG JURIGEN,KECAP,KECAP,JRG,,,"152,000.00",0,0
330,110024,KECAP ABC MANIS MJ 135ML,KECAP,KECAP,BTL,LOS,DOS,"9,000.00","8,750.00","420,000.00"
331,110025,KECAP ABC MANIS RV 225ML,KECAP,KECAP,BKS,BKS,DOS,"8,000.00","8,000.00","183,000.00"
332,110026,KECAP ABC MANIS RV 520ML,KECAP,KECAP,BKS,LOS,DOS,"17,500.00","17,000.00","190,000.00"
333,110027,KECAP ABC MANIS RV 60ML,KECAP,KECAP,BKS,BKS,DOS,"1,750.00","1,750.00","72,500.00"
334,110028,KECAP ABC MANIS SC 500 NEW,KECAP,KECAP,PRES,PRES,DOS,"5,000.00","5,000.00","74,500.00"
335,110029,KECAP ABC MANIS TG 275ML,KECAP,KECAP,BTL,BTL,DOS,"19,500.00","19,500.00","465,000.00"
336,110030,KECAP ASIN 150,KECAP,KECAP,BTL,BTL,DOS,"35,500.00","35,000.00","820,000.00"
337,110031,KECAP ASIN 250,KECAP,KECAP,BTL,BTL,LSN,"25,000.00","25,000.00","585,000.00"
338,110032,KECAP BADER B,KECAP,KECAP,BTL,LOS,DOS,"31,500.00","31,000.00","365,000.00"
339,110033,KECAP BADER K,KECAP,KECAP,ISI,BTL,PETI,"14,500.00","15,500.00","675,000.00"
340,110034,KECAP BANGO RV 200ML,KECAP,KECAP,BKS,LOS,DOS,"9,500.00","9,500.00","225,000.00"
341,110035,KECAP BANGO RV 550 ML / 700g,KECAP,KECAP,BKS,LOS,DOS,"24,000.00","23,000.00","262,500.00"
342,110036,KECAP BANGO RV 60ML,KECAP,KECAP,BKS,BKS,DOS,"2,600.00","2,600.00","115,000.00"
343,110037,KECAP BANGO SC 20 ML,KECAP,KECAP,RTG,RTG,DOS,"10,000.00","10,000.00","115,000.00"
344,110038,KECAP IKAN ILU NC,KECAP,KECAP,BTL,BTL,BTL,"29,000.00","28,500.00",0
345,110039,KECAP KKK RAJA RASA B,KECAP,KECAP,BTL,BTL,DOS,"35,000.00","34,500.00","395,000.00"
346,110040,KECAP KKK RAJA RASA K,KECAP,KECAP,BTL,BTL,DOS,"15,000.00","14,500.00","305,000.00"
347,110041,KECAP KKK RAJA RASA T,KECAP,KECAP,BTL,BTL,DOS,"20,500.00","20,000.00","460,000.00"
348,110042,KECAP SAWI B,KECAP,KECAP,ISI,BTL,DOS,"24,000.00","25,000.00","290,000.00"
349,110043,KECAP SEDAP BTL,KECAP,KECAP,BTL,BTL,DOS,"24,000.00","24,000.00","278,000.00"
350,110044,KECAP SEDAP HIJAU 600ML,KECAP,KECAP,BKS,BKS,DOS,"21,000.00","20,500.00","230,000.00"
351,110045,KECAP SEDAP MJ 140ML,KECAP,KECAP,BTL,BTL,DOS,"7,000.00","6,800.00","315,500.00"
352,110046,KECAP SEDAP RV 225ML,KECAP,KECAP,BKS,LOS,DOS,"8,000.00","7,500.00","170,000.00"
353,110047,KECAP SEDAP RV 550 ML,KECAP,KECAP,BKS,LOS,DOS,"19,000.00","18,500.00","205,000.00"
354,110048,KECAP SEDAP RV 63ML,KECAP,KECAP,BKS,BKS,DOS,"1,700.00","1,700.00","73,000.00"
355,110049,KECAP SEDAP SC 500-AN,FOOD,FOOD,PRES,PRES,DOS,"5,000.00","5,000.00","75,000.00"
356,110050,KEDELE,PALAWIJA,PLWJ,KG,KG,KG,"12,500.00","12,000.00","12,000.00"
357,110051,KEDELE KUPAS,PALAWIJA,PLWJ,KG,KG,ZAK,"19,500.00","19,500.00","425,000.00"
358,110052,KEJU KRAFT 2KG,MISC,MISC,BOX,BOX,BOX,"187,500.00",1,1
359,110053,KETAN HITAM,PALAWIJA,PLWJ,KG,LOS,ZAK,"23,000.00","22,000.00","530,000.00"
360,110054,KETAN SUPER Rajawali poles,PALAWIJA,PLWJ,KG,KG,ZAK,"19,000.00","18,500.00","450,000.00"
361,110055,KETAN SIEM SINTA,PALAWIJA,PLWJ,KG,LOS,ZAK,"30,000.00","29,500.00","720,000.00"
362,110056,KETAN VIET SUPER GSK,PALAWIJA,PLWJ,KG,LOS,ZAK,"22,500.00","22,000.00","527,500.00"
363,110057,KHONG GUAN,KUE,KUE,KTK,KTK,DOS,"77,500.00","77,500.00","432,000.00"
364,110058,KERTAS BUNGKUS GAJAH MR,MISC,MISC,PRES,IKT,ZAK,"21,500.00","102,500.00","600,000.00"
365,110059,KERTAS MERANG,MISC,MISC,IKT,IKT,IKT,"9,000.00",0,0
366,110060,KISPRAY 300ML,SABUN CAIR,SBNCR,BKS,LOS,DOS,"5,000.00","4,750.00","110,000.00"
367,110061,KISPRAY SC,SABUN CAIR,SBNCR,RTG,IKT,PRES,"5,000.00","5,000.00","59,000.00"
368,110062,KIWI PASTA 45ML,MISC,MISC,PCS,KTK,DOS,"285,000.00","285,000.00","285,000.00"
369,110063,KODOMO ODOL,PASTA GIGI,PSTG,KTK,KTK,LSN,"6,000.00","6,000.00","64,000.00"
370,110064,KERTAS BUNGKUS GAJAH BR,,,PRES,IKT,ZAK,"36,500.00","180,000.00","900,000.00"
371,110065,K________,,,PCS,PCS,PCS,0,0,0
372,110066,KOPI,PALAWIJA,PLWJ,KG,KG,KG,"33,000.00",0,0
373,110067,KOPI ABC SUSU,KOPI,KOPI,RTG,RTG,DOS,"17,500.00","17,500.00","203,000.00"
374,110068,KOPI ABC WHITE 5+1,KOPI,KOPI,RTG,RTG,DOS,"10,500.00","10,500.00","117,500.00"
375,110069,KOPI JAxxxxxxx,KOPI,KOPI,RTG,RTG,IKT,"4,500.00","4,500.00","42,500.00"
376,110070,KOPI KAPAL API GRANDE WHITE,KOPI,KOPI,RTG,RTG,DOS,"10,500.00","10,500.00","121,500.00"
377,110071,KOPI KAPAL API MANTAP,KOPI,KOPI,RTG,RTG,DOS,"12,500.00","12,000.00","140,000.00"
378,110072,KOPI KAPAL API xxxxxxx MUTU KHUSUS 65gr,KOPI,KOPI,RTG,RTG,DOS,"60,000.00","60,000.00","255,000.00"
379,110073,KOPI KAPAL API SPC 150GR,KOPI,KOPI,BKS,LOS,DOS,"22,500.00","22,000.00","427,500.00"
380,110074,KOPI KAPAL API SPC 30GR,KOPI,KOPI,RTG,RTG,DOS,"45,000.00","44,500.00","433,000.00"
381,110075,KOPI KAPAL API SPC 350 GR,KOPI,KOPI,BKS,BKS,DOS,"52,500.00","51,500.00","447,500.00"
382,110076,KOPI KAPAL API SPC 60GR,KOPI,KOPI,RTG,RTG,DOS,"89,000.00","88,000.00","433,000.00"
383,110077,KOPI KAPAL API SPC mini 6GR,KOPI,KOPI,RTG,LOS,DOS,"10,000.00","9,750.00","184,000.00"
384,110078,KOPI KAPAL API SPECIAL MIX,KOPI,KOPI,RTG,RTG,DOS,"17,500.00","17,500.00","203,000.00"
385,110079,KOPI KAPAL API SUSU,KOPI,KOPI,RTG,RTG,DOS,"18,500.00","18,000.00","202,000.00"
386,110080,KOPI TORABIKA CAPU,KOPI,KOPI,RTG,LOS,DOS,"22,500.00","22,000.00","254,000.00"
387,110081,KOPI TORABIKA CREAMY,KOPI,KOPI,RTG,RTG,DOS,"17,500.00","17,000.00","194,000.00"
388,110082,KOPI TORABIKA DUO,KOPI,KOPI,RTG,RTG,DOS,"18,500.00","18,000.00","204,000.00"
389,110083,KOPI TORABIKA JAHE,KOPI,KOPI,RTG,RTG,DOS,"11,500.00","11,500.00","135,000.00"
390,110084,KOPI TORABIKA MOKA,KOPI,KOPI,RTG,RTG,DOS,"18,000.00","18,000.00","195,000.00"
391,110085,KOPI TORABIKA SUSU,KOPI,KOPI,RTG,RTG,DOS,"18,000.00","18,000.00","200,000.00"
392,110086,KOPI TORABIKA CAFE MR / CAPP,KOPI,KOPI,RTG,RTG,DOS,"11,000.00","11,000.00","116,000.00"
393,110087,KOPI YA SP,KOPI,KOPI,RTG,RTG,DOS,"52,500.00","52,500.00","252,500.00"
394,110088,KOPI YA SUSU,KOPI,KOPI,RTG,RTG,DOS,"16,500.00","16,000.00","155,000.00"
395,110089,KRESEK 01*15 CJDW xxxx,KRESEK,KRESEK,BKS,BKS,IKT,"2,000.00","1,800.00","17,000.00"
396,110090,KRESEK 02*15 CJDW kecil,KRESEK,KRESEK,BKS,BKS,IKT,"4,000.00","4,000.00","40,000.00"
397,110091,KRESEK 02*21 xxxx,MISC,MISC,BKS,BKS,IKT,"5,500.00","5,500.00","52,000.00"
398,110092,KRESEK 02*24 CJDW 3kg,KRESEK,KRESEK,BKS,BKS,IKT,"7,000.00","7,000.00","62,500.00"
399,110093,KRESEK 02* xxxx,KRESEK,KRESEK,BKS,BKS,IKT,"6,500.00","6,500.00","55,500.00"
400,110094,KRESEK 02*28 CJDW xxxx,KRESEK,KRESEK,BKS,BKS,IKT,"8,000.00","8,000.00","75,000.00"
401,110095,KRESEK 03*28 CJWD 5kg,KRESEK,KRESEK,BKS,BKS,IKT,"15,500.00","15,500.00","145,000.00"
402,110096,KRESEK 03*35 CJDW xxxx,KRESEK,KRESEK,BKS,BKS,IKT,"19,500.00","19,500.00","182,000.00"
403,110097,KRESEK 04*40 CJDW besar,KRESEK,KRESEK,BKS,BKS,IKT,"27,000.00","27,000.00","247,500.00"
404,110098,KRESEK 04*40 MR CJDW besar,KRESEK,KRESEK,BKS,BKS,IKT,"27,000.00","27,000.00","250,000.00"
405,110099,KRUPUK PESTA,MISC,MISC,BAL,BAL,BAL,0,0,"95,000.00"
406,110100,KRUPUK TAHU UNYIL / DACIL,MISC,MISC,BAL,BAL,BAL,"90,000.00",0,0
407,110101,KRUPUK UDANG Kelapa Gading Bungkus,KRUPUK,KRP,KG,KG,BAL,"60,000.00","60,000.00","265,000.00"
408,110102,KUKU BIMA,MISC,MISC,KTK,PRES,DOS,"7,000.00","62,500.00","725,000.00"
409,110103,KUXXXXXX,BUMBU,BUMBU,RTG,PRES,DOS,"10,500.00","21,000.00","351,500.00"
410,110104,KOPI NONGKRONG CUP,MINUMAN,MIN,DOS,DOS,DOS,"19,000.00","19,000.00","19,000.00"
411,110105,KXXX ANGGUR XXXX,JELLY,JELLY,PCS,KTK,DOS,"2,000.00","20,500.00","234,000.00"
412,110106,KXXX KELAPA XXXX,JELLY,JELLY,PCS,KTK,DOS,"2,000.00","20,500.00","234,000.00"
413,110107,KXXX LECI XXXX,JELLY,JELLY,PCS,KTK,DOS,"2,000.00","20,500.00","234,000.00"
414,110108,KXXX JERUK XXXX,JELLY,JELLY,PCS,KTK,DOS,"2,000.00","20,500.00","234,000.00"
415,110109,KXXX JAMBU XXXX,JELLY,JELLY,PCS,KTK,DOS,"2,000.00","20,500.00","234,000.00"
416,110110,KXXX MANGGA XXXX,JELLY,JELLY,PCS,KTK,DOS,"2,000.00","20,500.00","234,000.00"
417,110111,KXXX MELON XXXX,JELLY,JELLY,PCS,KTK,DOS,"2,000.00","20,500.00","234,000.00"
418,110112,KXXX STRAWBERRY XXXX,JELLY,JELLY,PCS,KTK,DOS,"2,000.00","20,500.00","234,000.00"
419,110113,KXXX SIRSAK XXXX,JELLY,JELLY,PCS,KTK,DOS,"2,000.00","20,500.00","234,000.00"
420,110114,KXXX COKLAT XXXX,JELLY,JELLY,PCS,KTK,DOS,"2,500.00","28,000.00","325,000.00"
421,110115,KECAP SEDAP HIJAU 60ML,,,BKS,BKS,DOS,"1,750.00","1,750.00","78,000.00"
422,110116,KANJI TANI KUNING 500gr,,,BKS,BKS,DOS,"9,000.00","8,500.00","122,500.00"
423,110117,KECAP SEDAP HIJAU SC 1000AN,,,RTG,RTG,DOS,"10,000.00","10,000.00","116,000.00"
424,110118,KECAP DELMIN K,,,ISI,ISI,BTL,"10,000.00","10,000.00","10,500.00"
425,110119,KECAP DELMIN B,,,ISI,ISI,BTL,"17,500.00","17,500.00","18,500.00"
426,110120,KECAP ASIN 350,,,BTL,BTL,DOS,"12,500.00","12,000.00","272,000.00"
427,110121,KOPI JALAK RENTENG 11GR,,,RTG,RTG,DOS,"7,500.00","7,000.00","135,000.00"
428,110122,KAXXXXXXXX,PALAWIJA,PLWJ,KG,KG,KG,1,1,1
429,110123,KOPI PIKOPI AREN,,,RTG,RTG,DOS,"17,500.00","17,000.00","202,000.00"
430,110124,KEJU WIN Cheese 2KG,,,SLOP,SLOP,DUS,"98,000.00","97,000.00","715,000.00"
431,110125,KOPI XXXX,,,RTG,RTG,DOS,"17,500.00","17,500.00","204,000.00"
432,110126,KOPI YA SP 120gr + gelas,,,BKS,LOS,DOS,"10,000.00","9,500.00","210,000.00"
433,110127,Kecap Sawi Rv k,,,PCS,PCS,DOS,"2,500.00","2,500.00","110,000.00"
434,110128,KECAP SAWI SC 1000an,,,RTG,RTG,DOS,"11,000.00","11,000.00","125,000.00"
435,120001,LADAKU 1000AN,BUMBU,BUMBU,RTG,PRES,DOS,"10,000.00","58,000.00","457,500.00"
436,120002,LAKBAN BESAR,MISC,MISC,PCS,PCS,PCS,"12,000.00","12,000.00","12,000.00"
437,120003,LAURIER MAXI ISI 8,PEMBALUT,PMBLT,BKS,IKT,DOS,"4,500.00","24,000.00","285,000.00"
438,120004,LAURIER SLIM RTG,PEMBALUT,PMBLT,RTG,RTG,DOS,"4,250.00","4,250.00","190,000.00"
439,120005,LIFREE POPOK L,MISC,MISC,RTG,RTG,DOS,"25,500.00","25,500.00","305,000.00"
440,120006,LIFREE POPOK M,MISC,MISC,RTG,RTG,DOS,"22,500.00","22,500.00","250,000.00"
441,120007,LIFREE POPOK XL,MISC,MISC,RTG,RTG,DOS,"28,500.00","28,500.00","340,000.00"
442,120008,LILIN POPULAR,MISC,MISC,PAK,LOS,DOS,"6,000.00","5,750.00","315,046.15"
443,120009,LUW AK xxxx ,KOPI,KOPI,RTG,RTG,DOS,"14,000.00","13,500.00","265,000.00"
444,120010,LKK BLACK PEPPER 230Gr,,,PCS,PCS,PCS,"41,500.00","41,500.00","41,500.00"
445,120011,LKK SAOS TIRAM 770Gr,,,PCS,PCS,DOS,"25,000.00","25,000.00","568,000.00"
446,120012,LUWAK WHITE ISI 12,,,RTG,RTG,DOS,"15,500.00","15,000.00","175,000.00"
447,120013,LUWAK MINI,,,RTG,RTG,DOS,"8,500.00","8,000.00","155,000.00"
448,120014,L________,,,PCS,PCS,PCS,0,0,0
449,120015,L________,,,PCS,PCS,PCS,0,0,0
450,120016,L________,,,PCS,PCS,PCS,0,0,0
451,120017,L________,,,PCS,PCS,PCS,0,0,0
452,120018,L________,,,PCS,PCS,PCS,0,0,0
453,120019,L________,,,PCS,PCS,PCS,0,0,0
454,130001,MADURASA,MINUMAN,MIN,KTK,KTK,DOS,"10,000.00","10,000.00","225,000.00"
455,130002,MAGIC LEZAT 10+1,BUMBU,BUMBU,RTG,LBR,DOS,"6,500.00","32,500.00","300,000.00"
456,130003,MAIZENA KTK HAWAI,TEPUNG,TEPUNG,KTK,KTK,DOS,"4,500.00","4,250.00","155,000.00"
457,130004,MAIZENA LOS,TEPUNG,TEPUNG,KG,LOS,ZAK,"14,500.00","14,000.00","330,000.00"
458,130005,MAMA KUAH BAKSO,BUMBU,BUMBU,RTG,PRES,DOS,"5,000.00","44,000.00","245,000.00"
459,130006,MAMA KUAH SOP,BUMBU,BUMBU,RTG,PRES,DOS,"5,000.00","45,000.00","130,000.00"
460,130007,MAMA LEMON RF 115ML,SABUN CAIR,SBNCR,BKS,LOS,DOS,"1,800.00","1,700.00","38,500.00"
461,130008,MAMA LEMON RF80ML,SABUN CAIR,SBNCR,BKS,LOS,DOS,"1,000.00",900,"59,000.00"
462,130009,MAMA LEMON RV 800ML,SABUN CAIR,SBNCR,BKS,LOS,DOS,"10,000.00","9,500.00","107,500.00"
463,130010,MAMA xxxxxx,TEPUNG,TEPUNG,PRES,PRES,DOS,"22,000.00","22,000.00","240,000.00"
464,130011,MAMA TEPUNG BAKSO,TEPUNG,TEPUNG,RTG,RTG,DOS,"20,000.00","20,000.00","185,000.00"
465,130012,MAMY POKO M,PEMBALUT,PMBLT,RTG,RTG,DOS,"18,000.00","17,500.00","190,000.00"
466,130013,MAMY POKO L,PEMBALUT,PMBLT,RTG,RTG,DOS,"18,000.00","17,500.00","185,000.00"
467,130014,MAMY POKO S,PEMBALUT,PMBLT,RTG,RTG,DOS,"17,000.00","17,000.00","182,500.00"
468,130015,MAMY POKO XL,PEMBALUT,PMBLT,RTG,RTG,DOS,"22,000.00","22,000.00","255,000.00"
469,130016,MARJAN SIRUP,MINUMAN,MIN,BTL,BTL,DOS,"24,000.00","23,000.00","270,000.00"
470,130017,MASAKO 250GR,BUMBU,BUMBU,BKS,LOS,DOS,"9,500.00","9,000.00","400,000.00"
471,130018,MASAKO B. P500 AYM,MSG,MSG,RTG,LBR,DOS,"5,000.00","27,500.00","264,000.00"
472,130019,MASAKO B. P500 SP,MSG,MSG,RTG,LBR,DOS,"5,000.00","27,500.00","263,000.00"
473,130020,MERICA BUBUK SPC,PALAWIJA,PLWJ,ONS,KG,KG,"20,000.00","190,000.00","190,000.00"
474,130021,MERICA BUNDAR,PALAWIJA,PLWJ,ONS,KG,KG,"17,500.00","150,000.00","155,000.00"
475,130022,MERICA PELANGI,BUMBU,BUMBU,BKS,PRES,BAL,"5,000.00","46,500.00","920,000.00"
476,130023,MESES B9,BAHAN KUE,BHNK,ONS,KG,DOS,"4,500.00","32,000.00","362,500.00"
477,130024,MICIN LOS,PALAWIJA,PLWJ,ONS,KG,ZAK,"4,000.00","33,000.00","750,000.00"
478,130025,MIE DARA KERITING,MIE,MIE,BKS,BKS,DOS,"2,600.00","2,500.00","87,000.00"
479,130026,MIE DARA LEBAR,MIE,MIE,BAL,BAL,BAL,0,0,"36,000.00"
480,130027,MIE DARA PIPIH,MIE,MIE,BKS,BKS,DOS,"3,100.00","3,000.00","69,500.00"
481,130028,MIE GELUNG JANTAYU,MIE,MIE,PRES,PRES,PRES,"24,500.00","24,500.00","24,500.00"
482,130029,MIE INDOMIE AYM BWG,MIE,MIE,BKS,LOS,DOS,"3,000.00","2,900.00","112,000.00"
483,130030,MIE INDOMIE AYM SP,MIE,MIE,BKS,LOS,DOS,"3,100.00","3,000.00","112,000.00"
484,130031,MIE INDOMIE GR,MIE,MIE,BKS,LOS,DOS,"3,200.00","3,100.00","115,000.00"
485,130032,MIE INDOMIE KARE,MIE,MIE,BKS,LOS,DOS,"3,250.00","3,200.00","117,000.00"
486,130033,MIE INDOMIE KRIUK / ACEH / Geprek,MIE,MIE,BKS,LOS,DOS,"3,200.00","3,100.00","117,000.00"
487,130034,MIE INDOMIE RENDANG,MINYAK,MYK,BKS,LOS,DOS,"3,200.00","3,100.00","117,000.00"
488,130035,MIE INDOMIE SOTO/RAWON,MIE,MIE,BKS,LOS,DOS,"3,100.00","3,000.00","112,000.00"
489,130036,MIE INDOMIE SOTO SP,MIE,MIE,BKS,LOS,DOS,"3,100.00","3,000.00","110,000.00"
490,130037,MIE INDOMIE ST LMG / BLD,MIE,MIE,BKS,LOS,DOS,"3,100.00","3,000.00","114,000.00"
491,130038,MIE INTERMIE INDOMIE,MIE,MIE,BKS,LOS,DOS,"1,600.00","1,500.00","53,000.00"
492,130039,MIE xxxxxxxxxxxxxxxx JANTAYU 1KG ISI 10,MIE,MIE,PRES,PRES,PRES,"15,500.00","15,500.00","15,500.00"
493,130040,MIE JANTAYU GP,MIE,MIE,PRES,PRES,PRES,"23,000.00",0,0
494,130041,MIE KENDURI HJ.,MIE,MIE,PRES,PRES,IKT,"12,500.00","12,500.00","61,500.00"
495,130042,MIE KENDURI OR.,MIE,MIE,PRES,PRES,IKT,"10,500.00","10,500.00","51,000.00"
496,130043,MIE KUDA MENJANGAN KL LEBAR,MIE,MIE,BAL,BAL,BAL,"37,000.00",0,0
497,130044,MIE KUDA MENJANGAN L,MIE,MIE,BKS,LOS,DOS,"5,250.00","5,000.00","97,000.00"
498,130045,MIE KUDA MENJANGAN K,MIE,MIE,BKS,LOS,DOS,"5,250.00","5,000.00","97,000.00"
499,130046,MIE SEDAP CUP GR,MIE,MIE,BKS,BKS,DOS,"4,750.00","4,600.00","55,000.00"
500,130047,MIE SEDAP CUP KUAH,MIE,MIE,BKS,BKS,DOS,"4,500.00","4,500.00","51,000.00"
501,130048,MIE SEDAP GR,MIE,MIE,BKS,LOS,DOS,"3,100.00","3,000.00","111,000.00"
502,130049,MIE SEDAP GR Korea / devina,MIE,MIE,BKS,LOS,DOS,"3,100.00","3,000.00","112,000.00"
503,130050,MIE SEDAP KUAH SOTO,MIE,MIE,BKS,LOS,DOS,"3,000.00","2,900.00","108,000.00"
504,130051,MIE SEDAP KUAH KARE SPC,MIE,MIE,BKS,LOS,DOS,"3,000.00","2,900.00","106,000.00"
505,130052,MIE SEDAP KUAH AYAM BWG,MIE,MIE,BKS,LOS,DOS,"3,000.00","2,900.00","106,000.00"
506,130053,MIE SEDAP KUAH Lain,MIE,MIE,BKS,LOS,DOS,"3,000.00","2,900.00","106,000.00"
507,130054,MIE SUKSES GR KECAP / RD / ACEH,MIE,MIE,BKS,LOS,DOS,"3,800.00","3,700.00","86,000.00"
508,130055,MIE SUKSES KUAH AB,MIE,MIE,BKS,LOS,DOS,"3,600.00","3,500.00","82,000.00"
509,130056,MIE TELUR 3 AYAM MR/KN,MIE,MIE,BKS,LOS,DOS,"4,500.00","4,500.00","80,000.00"
510,130057,MIHUN KIJANG 1/4KG,MIHUN,MIHUN,BKS,LOS,BAL,"5,500.00","5,300.00","102,500.00"
511,130058,MILKU SUSU UHT Coklat,SUSU,SUSU,BTL,BTL,DOS,"3,000.00","3,000.00","34,000.00"
512,130059,MILKU SUSU UHT Strawbery,SUSU,SUSU,BTL,BTL,DOS,"3,000.00","3,000.00","34,000.00"
513,130060,MILO SC 22GR,SUSU,SUSU,RTG,RTG,DOS,"19,500.00","19,000.00","365,000.00"
514,130061,MINYAK CR,MINYAK GORENG,MYKGR,KG,LOS,ISI,"20,000.00","19,500.00","300,000.00"
515,130062,MINYAK GR ALIBABA 1L,MINYAK GORENG,MYKGR,BKS,BKS,DOS,"18,500.00","18,500.00","214,000.00"
516,130063,MINYAK GR XXXXXXX,MINYAK GORENG,MYKGR,BKS,BKS,DOS,"15,500.00","15,000.00","174,500.00"
517,130064,MINYAK GR BIMOLI CL 18L,MINYAK GORENG,MYKGR,JRG,JRG,JRG,"412,500.00",0,0
518,130065,MINYAK GR BIMOLI CL 5L,MINYAK GORENG,MYKGR,JRG,BTL,DOS,"105,000.00","105,000.00","412,500.00"
519,130066,MINYAK GR BIMOLI CL 1L,MINYAK GORENG,MYKGR,BKS,BKS,DOS,"20,000.00","20,000.00","232,500.00"
520,130067,MINYAK GR BIMOLI CL 2L,MINYAK GORENG,MYKGR,BKS,BKS,DOS,"38,500.00","38,500.00","230,000.00"
521,130068,MINYAK GR BIMOLI SP 5L,MINYAK GORENG,MYKGR,JRG,JRG,DOS,"70,000.00","70,000.00","265,000.00"
522,130069,MINYAK GR BIMOLI SP 1L,MINYAK GORENG,MYKGR,BKS,BKS,DOS,"13,500.00","13,500.00","153,500.00"
523,130070,MINYAK GR BIMOLI SP 2L,MINYAK GORENG,MYKGR,BKS,BKS,DOS,"27,000.00","27,000.00","155,900.00"
524,130071,MINYAK GR DORANG 450ML,MINYAK GORENG,MYKGR,IKT,IKT,DOS,"24,000.00","24,000.00","275,000.00"
525,130072,MINYAK GR FILMA 2L,MINYAK GORENG,MYKGR,BKS,BKS,DOS,"38,500.00","38,500.00","222,500.00"
526,130073,MINYAK GR FORTUNE 1L,MINYAK GORENG,MYKGR,BKS,BKS,DOS,"14,000.00","14,000.00","175,000.00"
527,130074,MINYAK GR FORTUNE 1L BANTAL,MINYAK GORENG,MYKGR,BKS,BKS,DOS,"15,500.00","15,500.00","181,500.00"
528,130075,MINYAK GR KUDA 500ML,MINYAK GORENG,MYKGR,BTL,BTL,DOS,"7,000.00","7,000.00","155,000.00"
529,130076,MINYAK GR KITA 5L,MINYAK GORENG,MYKGR,JRG,JRG,DOS,"72,500.00","72,500.00","287,500.00"
530,130077,MINYAK GR ALCO 1L,MINYAK GORENG,MYKGR,BKS,BKS,DOS,"17,500.00","17,500.00","205,000.00"
531,130078,MINYAK GR KUNCI MAS 2L,MINYAK GORENG,MYKGR,BKS,BKS,DOS,"46,000.00","46,000.00","265,000.00"
532,130079,MINYAK GR ROSE CUP,MINYAK GORENG,MYKGR,PCS,LOS,DOS,"4,750.00","4,500.00","205,000.00"
533,130080,MINYAK GR FRAIS WELL 1L,MINYAK GORENG,MYKGR,BKS,LOS,DOS,"21,000.00","20,500.00","231,500.00"
534,130081,MINYAK GR FRAIS WELL 2L,MINYAK GORENG,MYKGR,BKS,BKS,DOS,"33,000.00","33,000.00","187,500.00"
535,130082,MINYAK GR FRAIS WELL 500ml,MINYAK GORENG,MYKGR,BKS,LOS,DOS,"11,500.00","11,000.00","121,500.00"
536,130083,MINYAK GR FRAIS WELL 5L,MINYAK GORENG,MYKGR,JRG,JRG,DOS,"60,000.00","60,000.00","231,500.00"
537,130084,MINYAK GR SABRINA 900ml,MINYAK GORENG,MYKGR,BKS,LOS,DOS,"17,000.00","17,000.00","200,000.00"
538,130085,MINYAK GR SABRINA 2L,MINYAK GORENG,MYKGR,BKS,BKS,DOS,"33,000.00","33,000.00","190,000.00"
539,130086,MINYAK GR SANIA SOVIA 2L,MINYAK GORENG,MYKGR,BKS,BKS,DOS,"38,000.00","38,000.00","220,000.00"
540,130087,MINYAK GR SEDAP 1L,MINYAK GORENG,MYKGR,BKS,BKS,DOS,"19,000.00","19,000.00","217,500.00"
541,130088,MINYAK GR SEDAP 2L,MINYAK GORENG,MYKGR,BKS,BKS,DOS,"28,000.00","28,000.00","175,000.00"
542,130089,MINYAK GR SUNCO 1L,MINYAK GORENG,MYKGR,BKS,BKS,DOS,"13,000.00","13,000.00","160,000.00"
543,130090,MINYAK GR SUNCO 2 L,MINYAK GORENG,MYKGR,BKS,BKS,DOS,"41,000.00","41,000.00","236,500.00"
544,130091,MINYAK GR SUNCO 500ML,MINYAK GORENG,MYKGR,BKS,BKS,DOS,"9,500.00","9,500.00","215,000.00"
545,130092,MINYAK GR SUNCO 5L,MINYAK GORENG,MYKGR,JRG,JRG,DOS,"78,500.00","78,500.00","295,000.00"
546,130093,MINYAK GR TROPICAL RF 2L,MINYAK GORENG,MYKGR,BKS,BKS,DOS,"39,500.00","39,000.00","228,000.00"
547,130094,MINYAK GR SEDAP 20L,MINYAK GORENG,MYKGR,JRG,JRG,JRG,"360,000.00",1,1
548,130095,MINYAK GR AMAGO 2L,MINYAK GORENG,MYKGR,BKS,BKS,DOS,"33,500.00","33,500.00","192,000.00"
549,130096,MINYAK GR ALCO 18L Premium,MINYAK GORENG,MYKGR,JRG,JRG,JRG,"265,000.00","265,000.00","265,000.00"
550,130097,MINYAK KAYU PUTIH CAP LANG 60ML,MINYAK,MYK,BTL,LOS,LSN,"21,000.00","20,500.00","234,000.00"
551,130098,MINYAK TAWON DD,MINYAK,MYK,BTL,BTL,LSN,"27,000.00","27,000.00","310,000.00"
552,130099,MINYAK TELON GAJAH 120ML,MINYAK,MYK,BTL,BTL,LSN,"27,500.00","27,500.00","27,500.00"
553,130100,MINYAK TELON GAJAH 60ML,MINYAK,MYK,BTL,BTL,LSN,"16,000.00","16,000.00","180,000.00"
554,130101,MINYAK WIJEN KUDA PAL,MINYAK,MYK,BTL,BTL,DOS,"36,500.00","36,000.00","420,000.00"
555,130102,MINYAK WIJEN LOWO 620ML,MINYAK,MYK,BTL,BTL,BTL,"156,000.00",0,0
556,130103,MIRI PECAH,PALAWIJA,PLWJ,ONS,LOS,KG,"6,000.00","42,000.00","43,000.00"
557,130104,MLINJO EMPING,KRUPUK,KRP,ONS,KG,DOS,"8,500.00","77,000.00","360,000.00"
558,130105,MOLTO ALL IN 18ML SC,SABUN CAIR,SBNCR,RTG,RTG,DOS,"10,000.00","10,000.00","177,000.00"
559,130106,MOLTO ALL IN SC 500,SABUN CAIR,SBNCR,RTG,RTG,DOS,"5,000.00","5,000.00","138,000.00"
560,130107,MOLTO PEWANGI 450ML,SABUN CAIR,SBNCR,BKS,LSN,DOS,"6,000.00","6,000.00","132,100.00"
561,130108,MOLTO PEWANGI 800ML,SABUN CAIR,SBNCR,BKS,BKS,DOS,"16,000.00","15,500.00","182,500.00"
562,130109,MOLTO SOFTENER 800ML,SABUN CAIR,SBNCR,BKS,BKS,DOS,"13,000.00","13,000.00","146,000.00"
563,130110,MTG AMANDA 1/4KG,MIHUN,MIHUN,BKS,KG,DOS,"6,000.00","22,500.00","300,000.00"
564,130111,MTG AMANDA 15KG,MENTEGA,MNTG,KG,KG,DOS,"22,000.00","22,000.00","290,000.00"
565,130112,MTG BLUE BAND 15KG,MENTEGA,MNTG,KG,KG,DOS,"37,500.00","36,500.00","525,000.00"
566,130113,MTG BLUE BAND 45GR P4000AN,MENTEGA,MNTG,RTG,RTG,DOS,"21,000.00","21,000.00","201,000.00"
567,130114,MTG BLUE BAND MASTER 4.5KG,MENTEGA,MNTG,KTK,KTK,KTK,"117,500.00","117,500.00","117,500.00"
568,130115,MTG BLUE BAND SC 200GR,MENTEGA,MNTG,BKS,BKS,DOS,"8,750.00","8,750.00","485,000.00"
569,130116,MTG BLUE BAND STICK 2000AN,MENTEGA,MNTG,RTG,RTG,DOS,"21,000.00","21,000.00","125,000.00"
570,130117,MTG FORVITA FILMA 200GR,MENTEGA,MNTG,BKS,BKS,BKS,"6,000.00","6,000.00","6,000.00"
571,130118,MTG SIMAS 15KG,MENTEGA,MNTG,KG,KG,DOS,"26,000.00","24,500.00","330,000.00"
572,130119,MTG SIMAS 5KG,MENTEGA,MNTG,DOS,DOS,DOS,0,0,"130,000.00"
573,130120,MUTIARA KUCING,BAHAN KUE,BHNK,BKS,PRES,IKT,"2,500.00","58,000.00","216,000.00"
574,130121,MINYAK WIJEN 135ML PEGASUS,MINYAK,MYK,PCS,PCS,LSN,"13,000.00","13,000.00","150,000.00"
575,130122,MINYAK GR XXXX,,,BKS,BKS,BKS,"16,500.00","15,750.00","185,000.00"
576,130123,MINYAK GR KITA MIX 2L,,,BKS,BKS,DOS,"35,000.00","35,000.00","200,000.00"
577,130124,MINYAK KUNCIMAS 900ML,,,PCS,PCS,DOS,"22,500.00","22,500.00","262,500.00"
578,130125,MINYAK GR FILMA 1L,,,PCS,PCS,DOS,"18,000.00","18,000.00","212,500.00"
579,130126,MINYAK GR SABRINA 450ML,,,PCS,PCS,DOS,"10,000.00","10,000.00","220,000.00"
580,130127,MIE EKO MIE,,,PRES,PRES,DOS,"10,500.00","10,500.00","57,000.00"
581,130128,MINYAK GR KITA xx xxxx,,,PCS,PCS,DOS,"16,000.00","16,000.00","183,000.00"
582,130129,MAKARONI SEDANI,,,BKS,BKS,DOS,"19,000.00","19,000.00","187,500.00"
583,130130,MIE EKO MIE ISI 2,,,PCS,PCS,DOS,"2,250.00","2,250.00","68,000.00"
584,130131,MIRI BULAT,,,ONS,KG,KG,"6,000.00","42,000.00","43,000.00"
585,130132,MAKARONI SRIKANDI,,,PCS,PCS,IKT,"20,500.00","20,000.00","195,000.00"
586,130133,MINYAK GR KITA BOTOL 1L,,,PCS,PCS,DOS,"18,000.00","18,000.00","210,000.00"
587,140001,NIKISARI SAOS TOMAT,SAOS,SAOS,BKS,BKS,DOS,"4,250.00","4,000.00","85,000.00"
588,140002,NIKISARI SAOS SAMBAL,SAOS,SAOS,BKS,BKS,DOS,"4,250.00","4,000.00","85,000.00"
589,140003,NUTRIJELL K ANGGUR,JELLY,JELLY,BKS,KTK,DOS,"2,000.00","20,500.00","235,000.00"
590,140004,NUTRIJELL K KELAPA MUDA,JELLY,JELLY,BKS,KTK,DOS,"2,000.00","20,500.00","235,000.00"
591,140005,NUTRIJELL K LECI,JELLY,JELLY,BKS,KTK,DOS,"2,000.00","20,500.00","235,000.00"
592,140006,NUTRIJELL K JERUK,JELLY,JELLY,BKS,KTK,DOS,"2,000.00","20,500.00","235,000.00"
593,140007,NUTRIJELL K MANGGA,JELLY,JELLY,BKS,KTK,DOS,"2,000.00","20,500.00","235,000.00"
594,140008,NUTRIJELL K MELON,JELLY,JELLY,BKS,KTK,DOS,"2,000.00","20,500.00","235,000.00"
595,140009,NUTRIJELL K STRAWBERRY,JELLY,JELLY,BKS,KTK,DOS,"2,000.00","20,500.00","235,000.00"
596,140010,NUTRIJELL K COKLAT,JELLY,JELLY,BKS,KTK,DOS,"3,000.00","30,500.00","352,500.00"
597,140011,NUTRISARI,MINUMAN,MIN,RTG,PRES,DOS,"125,000.00","48,000.00","740,000.00"
598,140012,NUTRIJELL K JAMBU,,,BKS,KTK,DOS,"2,000.00","20,500.00","235,000.00"
599,140013,NUTRIJELL K KURMA CINCAU,,,BKS,KTK,DOS,"2,000.00","20,500.00","235,000.00"
600,140014,NUTRIJELL K PLAIN,,,BKS,KTK,DOS,"2,000.00","20,500.00","235,000.00"
601,140015,N________,,,PCS,PCS,PCS,0,0,0
602,140016,N________,,,PCS,PCS,PCS,0,0,0
603,140017,N________,,,PCS,PCS,PCS,0,0,0
604,140018,N________,,,PCS,PCS,PCS,0,0,0
605,140019,N________,,,PCS,PCS,PCS,0,0,0
606,140020,N________,,,PCS,PCS,PCS,0,0,0
607,140021,N________,,,PCS,PCS,PCS,0,0,0
608,150001,O________,,,PCS,PCS,PCS,0,0,0
609,150002,O________,,,PCS,PCS,PCS,0,0,0
610,150003,O________,,,PCS,PCS,PCS,0,0,0
611,150004,O________,,,PCS,PCS,PCS,0,0,0
612,150005,O________,,,PCS,PCS,PCS,0,0,0
613,150006,O________,,,PCS,PCS,PCS,0,0,0
614,150007,O________,,,PCS,PCS,PCS,0,0,0
615,150008,O________,,,PCS,PCS,PCS,0,0,0
616,150009,O________,,,PCS,PCS,PCS,0,0,0
617,150010,O________,,,PCS,PCS,PCS,0,0,0
618,160001,PAK MAYA / ANGEL 500gr,BAHAN KUE,BHNK,BKS,BKS,DOS,"34,500.00","33,500.00","670,000.00"
619,160002,PEMPEK KTLM,MISC,MISC,PCS,PCS,PAK,"5,500.00","5,500.00","27,500.00"
620,160003,PEMPEK KTLM ADAAN,FOOD,FOOD,PAK,PCS,PCS,"5,000.00","5,000.00","5,000.00"
621,160004,PEMPEK KTLM KAPAL SELAM KECIL,FOOD,FOOD,PAK,PCS,PCS,"5,000.00","5,000.00","5,000.00"
622,160005,PEMPEK KTLM KERITING,FOOD,FOOD,PAK,PCS,PCS,"5,000.00","5,000.00","5,000.00"
623,160006,PEMPEK KTLM LENJER,FOOD,FOOD,PAK,PCS,PCS,"5,000.00","5,000.00","5,000.00"
624,160007,PEPSODENT 120GR,PASTA GIGI,PSTG,KTK,LSN,DOS,"9,000.00","105,000.00","600,000.00"
625,160008,PEPSODENT 190GR,PASTA GIGI,PSTG,KTK,LSN,DOS,"13,500.00","156,000.00","605,000.00"
626,160009,PEPSODENT 75GR,PASTA GIGI,PSTG,KTK,LSN,DOS,"4,750.00","55,000.00","615,000.00"
627,160010,PEPSODENT HERBAL 190GR,PASTA GIGI,PSTG,KTK,KTK,LSN,"20,000.00","20,000.00","234,000.00"
628,160011,PEPSODENT HERBAL 65GR,PASTA GIGI,PSTG,KTK,KTK,LSN,"6,700.00","6,700.00","72,000.00"
629,160012,PETIS SL,BUMBU,BUMBU,ISI,KLG,KLG,"95,000.00","107,500.00","107,500.00"
630,160013,PLASTIK PE xxxx,PLASTIK,PLSTK,BKS,BKS,KG,"9,500.00","9,500.00","36,000.00"
631,160014,PLASTIK PP SEMUT,PLASTIK,PLSTK,BKS,BKS,KG,0,0,0
632,160015,PLASTIK TIKTAS HD PE 1 1/2KG,PLASTIK,PLSTK,BKS,BKS,IKT,"6,500.00","6,500.00","29,500.00"
633,160016,PLASTIK TIKTAS HD PE 1/2KG,PLASTIK,PLSTK,BKS,BKS,IKT,"3,500.00","3,500.00","15,500.00"
634,160017,PLASTIK TIKTAS HD PE 1/4KG,PLASTIK,PLSTK,BKS,BKS,IKT,"2,000.00","2,000.00","9,000.00"
635,160018,PLASTIK TIKTAS HD PE 1KG,PLASTIK,PLSTK,BKS,BKS,IKT,"4,500.00","4,500.00","21,000.00"
636,160019,PLASTIK TIKTAS HD PE 2KG,PLASTIK,PLSTK,BKS,BKS,IKT,"7,500.00","7,500.00","35,000.00"
637,160020,POP MIE B,MIE,MIE,BKS,BKS,DOS,"4,500.00","4,500.00","105,000.00"
638,160021,POP MIE K,MIE,MIE,BKS,BKS,DOS,"3,250.00","3,100.00","73,000.00"
639,160022,PLASTIK PE APOLO 1/4kg 10x20,PLASTIK,PLSTK,BKS,BKS,KG,"9,000.00","9,000.00","36,000.00"
640,160023,PLASTIK PE APOLO 1/2kg 12x24,PLASTIK,PLSTK,BKS,BKS,KG,"9,000.00","9,000.00","34,000.00"
641,160024,PLASTIK PE APOLO 1KG 15x27,PLASTIK,PLSTK,BKS,BKS,KG,"9,000.00","9,000.00","34,000.00"
642,160025,PLASTIK PE APOLO 1.5KG 18x30,PLASTIK,PLSTK,BKS,BKS,KG,"9,000.00","9,000.00","34,000.00"
643,160026,PLASTIK PE APOLO 2KG 18x35,PLASTIK,PLSTK,BKS,BKS,KG,"9,000.00","9,000.00","34,000.00"
644,160027,PLASTIK PE APOLO 3KG 25x40,PLASTIK,PLSTK,BKS,BKS,KG,"9,000.00","9,000.00","34,000.00"
645,160028,POTABEE SNACK RTG,,,RTG,RTG,DOS,"17,500.00","17,500.00","102,000.00"
646,160029,PALA,,,Ons,KG,KG,"15,000.00","95,000.00","100,000.00"
647,160030,PEMUTIH KUE,,,ONS,ONS,KG,"6,000.00","6,000.00","50,000.00"
648,160031,Pasta MORIZA,,,PCS,PCS,PCS,"6,500.00","6,500.00","6,500.00"
649,160032,PEKAK BUNGA LAWANG 1KG,,,BKS,BKS,BKS,"215,000.00",0,0
650,160033,P________,,,PCS,PCS,PCS,0,0,0
651,180001,RAPIKA RF 450ML,SABUN CAIR,SBNCR,BKS,BKS,DOS,"5,500.00","5,500.00","62,000.00"
652,180002,RAPIKA SC,SABUN CAIR,SBNCR,LSN,PRES,DOS,"5,000.00","29,000.00","115,000.00"
653,180003,REALGOOD MILK CK/STR,FOOD,FOOD,BKS,BKS,DOS,"1,000.00","1,000.00","41,500.00"
654,180004,REXONA SC.,MISC,MISC,RTG,RTG,DOS,"26,000.00","26,000.00","290,000.00"
655,180005,RINSO 770 GR,DETERGEN,DET,BKS,BKS,DOS,"23,000.00","23,000.00","250,000.00"
656,180006,RINSO CAIR 800ML,DETERGEN,DET,BKS,BKS,DOS,"29,000.00","29,000.00","235,000.00"
657,180007,RINSO CAIR SC. (isi 12 lsn),DETERGEN,DET,LSN,LSN,DOS,"10,000.00","9,000.00","110,000.00"
658,180008,RINxx xxxx,DETERGEN,DET,BKS,BKS,DOS,"4,600.00","4,600.00","51,500.00"
659,180009,RINSO SC 50GR,DETERGEN,DET,LSN,LSN,DOS,"10,000.00","10,000.00","95,000.00"
660,180010,ROKOK SURYA12,ROKOK,ROKOK,PCS,PCS,PRES,"26,500.00","26,000.00","251,500.00"
661,180011,ROKOK SURYA PRO MR,ROKOK,ROKOK,PRES,PRES,PRES,0,0,"270,000.00"
662,180012,ROKOK SURYA PRO PTH,ROKOK,ROKOK,PRES,PRES,PRES,0,0,"270,000.00"
663,180013,ROKOK SURYA KLG,ROKOK,ROKOK,KLG,KLG,KLG,0,0,"105,000.00"
664,180014,ROKOK DJI SAM SOE 12,ROKOK,ROKOK,PRES,PRES,PRES,"173,500.00",0,0
665,180015,ROKOK A MILD 16,ROKOK,ROKOK,PRES,PRES,PRES,0,0,"309,000.00"
666,180016,ROYCO SAPI 220GR,MSG,MSG,BKS,BKS,DOS,"9,500.00","9,250.00","207,500.00"
667,180017,ROYCO AYAM 1KG,MSG,MSG,BKS,BKS,DOS,"42,000.00","42,000.00","237,500.00"
668,180018,ROYCO SC 500AN SP,MSG,MSG,RTG,LOS,DOS,"5,000.00","4,800.00","217,500.00"
669,180019,ROYCO SC 500AN AYM,MSG,MSG,RTG,LOS,DOS,"5,000.00","4,800.00","218,500.00"
670,180020,RINSO 195GR P5000 ISI 18,,,BKS,BKS,DOS,"4,500.00","4,300.00","72,500.00"
671,180021,ROYCO AYAM 220gr,,,PCS,PCS,DOS,"9,500.00","9,250.00","207,500.00"
672,180022,RICE VINEGAR NC TTS cuka jepang,,,BTL,BTL,DOS,"27,500.00","25,000.00","490,000.00"
673,180023,ROYCO IKAN SC,,,RTG,LOS,DOS,"5,000.00","4,500.00","103,000.00"
674,180024,RINSO CAIR SC. (ISI 8),,,LSN,LSN,DOS,"10,000.00","9,000.00","70,000.00"
675,180025,RAMEN YES HAKATA 2+1,,,PCS,PCS,DOS,"3,500.00","3,250.00","118,000.00"
676,180026,R________,,,PCS,PCS,PCS,0,0,0
677,180027,R________,,,PCS,PCS,PCS,0,0,0
678,180028,R________,,,PCS,PCS,PCS,0,0,0
679,180029,R________,,,PCS,PCS,PCS,0,0,0
680,190001,SABUN ASEPSO,SABUN,SBN,BKS,BKS,LSN,"8,500.00","8,500.00","90,000.00"
681,190002,SABUN BABY CUSSON 80GR,SABUN,SBN,BKS,LSN,DOS,"3,800.00","42,000.00","500,000.00"
682,190003,SABUN CITRA,SABUN,SBN,BKS,LSN,DOS,"3,500.00","34,000.00","385,000.00"
683,190004,SABUN DETTOL B.,SABUN,SBN,BKS,LSN,DOS,"6,500.00","70,000.00","790,000.00"
684,190005,SABUN DETTOL K,SABUN,SBN,BKS,LSN,DOS,"3,500.00","40,000.00","465,000.00"
685,190006,SABUN FRES,SABUN,SBN,BKS,LSN,DOS,"3,000.00","34,500.00","198,000.00"
686,190007,SABUN GIV,SABUN,SBN,BKS,LSN,DOS,"2,900.00","33,500.00","190,000.00"
687,190008,SABUN GIV CAIR RV k,SABUN,SBN,BKS,BKS,DOS,"2,250.00","2,250.00","98,500.00"
688,190009,SABUN NUVO CAIR RV k,SABUN,SBN,BKS,BKS,DOS,"2,250.00","2,250.00","99,000.00"
689,190010,SABUN HARMONI,SABUN,SBN,BKS,LSN,DOS,"2,750.00","28,500.00","160,000.00"
690,190011,SABUN JF SULFUR,SABUN,SBN,BKS,BKS,LSN,"8,500.00","8,500.00","102,000.00"
691,190012,SABUN KODOK O,SABUN,SBN,BKS,LOS,DOS,"7,000.00","6,500.00","232,000.00"
692,190013,SABUN LIFEBOY,SABUN,SBN,BKS,LSN,DOS,"3,500.00","37,500.00","445,000.00"
693,190014,SABUN LUX,SABUN,SBN,BKS,LSN,DOS,"4,500.00","50,000.00","575,000.00"
694,190015,SABUN MEDICARE,SABUN,SBN,BKS,LSN,DOS,"3,000.00","33,000.00","190,000.00"
695,190016,SABUN NUVO,SABUN,SBN,BKS,LSN,DOS,"3,000.00","34,000.00","192,500.00"
696,190017,SABUN SEHAT,SABUN,SBN,BKS,LSN,DOS,"2,750.00","30,000.00","175,000.00"
697,190018,SABUN SHINZUI,SABUN,SBN,BKS,LSN,DOS,"4,500.00","52,000.00","615,000.00"
698,190019,SAFT INSTANT GOLD 500GR,BAHAN KUE,BHNK,BKS,BKS,DOS,"55,000.00","54,500.00","1,075,000.00"
699,190020,PAK MAYA SC 11GR,BAHAN KUE,BHNK,PCS,PRES,KTK,"3,500.00","12,500.00","165,000.00"
700,190021,SAJIKU NASI GORENG,BUMBU,BUMBU,RTG,RTG,DOS,"17,000.00","17,000.00","320,000.00"
701,190022,SAJIKU TEPUNG BUMBU K.1500,BUMBU,BUMBU,RTG,RTG,DOS,"12,000.00","12,000.00","230,000.00"
702,190023,SAMBAL TERASI FINA,FOOD,FOOD,PRES,PRES,DOS,"12,500.00","12,000.00","110,000.00"
703,190024,SANTAN BUBUK SASA,SANTAN,SANTAN,PRES,PRES,DOS,"19,500.00","19,500.00","192,000.00"
704,190025,SANTAN KARA BUBUK,SANTAN,SANTAN,RTG,RTG,DOS,"26,500.00","26,000.00","157,000.00"
705,190026,SANTAN KARA TCA,BUMBU,BUMBU,BKS,BKS,DOS,"5,250.00","5,000.00","170,000.00"
706,190027,SANTAN ROSE TCA,SANTAN,SANTAN,BKS,BKS,DOS,"4,000.00","4,000.00","135,000.00"
707,190028,SAXXXXXX,SANTAN,SANTAN,BKS,IKT,DOS,"3,500.00","10,500.00","95,000.00"
708,190029,SAORI SAOS TIRAM SC,BUMBU,BUMBU,RTG,RTG,DOS,"26,000.00","25,500.00","300,000.00"
709,190030,SAOS TOMAT ABC JRG,SAOS,SAOS,JRG,,,"104,000.00",0,0
710,190031,SAOS LOMBOK BAHAGIA,SAOS,SAOS,BTL,BTL,DOS,"20,500.00","20,000.00","233,000.00"
711,190032,SAOS LOMBOK TIGA ANAK,SAOS,SAOS,ISI,BTL,DOS,"12,500.00","13,500.00","152,000.00"
712,190033,SAOS SAMBAL ABC BTL 335ML BELING,SAOS,SAOS,BTL,BTL,DOS,"14,500.00","14,500.00","338,000.00"
713,190034,SAOS SAMBAL ABC MJ 135ML,SAOS,SAOS,BTL,BTL,DOS,"7,500.00","7,000.00","330,000.00"
714,190035,SAOS SAMBAL ABC SC.,SAOS,SAOS,PRES,PRES,DOS,"7,500.00","7,500.00","142,500.00"
715,190036,SAOS SAMBAL MENJANGAN,SAOS,SAOS,BTL,BTL,DOS,"18,000.00","17,500.00","405,000.00"
716,190037,SAOS TIRAM PANDA 510GR,SAOS,SAOS,BTL,BTL,LSN,"41,000.00","41,000.00","465,000.00"
717,190038,SAOS TOMAT ABC BTL 335ML,SAOS,SAOS,BTL,BTL,DOS,"11,000.00","11,000.00","241,500.00"
718,190039,SAOS TOMAT ABC MJ 135ML,SAOS,SAOS,BTL,BTL,DOS,"8,500.00","8,000.00","375,000.00"
719,190040,SAOS TOMAT ABC SC.,SAOS,SAOS,PRES,PRES,DOS,"7,000.00","6,500.00","128,500.00"
720,190041,SAOS TOMAT MENJANGAN,SAOS,SAOS,BTL,BTL,DOS,"15,750.00","15,750.00","341,000.00"
721,190042,SARI JAHE KERATON,MINUMAN,MIN,PRES,PRES,DOS,"27,000.00","26,500.00","515,000.00"
722,190043,SARI MANIS BELL,MSG,MSG,BKS,PRES,DOS,"4,000.00","36,000.00","1,750,000.00"
723,190044,SARI MANIS TAWON 1 KG,MISC,MISC,BKS,BKS,BKS,"97,500.00","97,500.00","98,500.00"
724,190045,SARIMI DUO GRG,MIE,MIE,BKS,LOS,DOS,"3,900.00","3,850.00","87,500.00"
725,190046,SARIMI DUO KUAH,MIE,MIE,BKS,LOS,DOS,"3,750.00","3,600.00","83,500.00"
726,190047,SASA 1KG MICIN,MSG,MSG,BKS,BKS,DOS,"34,000.00","34,000.00","402,500.00"
727,190048,SASA 250GR MICIN,MSG,MSG,BKS,LOS,DOS,"13,250.00","13,000.00","595,000.00"
728,190049,SASA RP1000 MICIN,MSG,MSG,BKS,PRES,DOS,"1,000.00","18,500.00","235,000.00"
729,190050,SCOTCH BRITE KAWAT 4K,SABUN,SBN,LSN,LSN,DOS,"41,000.00","41,000.00","320,000.00"
730,190051,SCOTCH BRITE SPON,MISC,MISC,LSN,LSN,DOS,"35,000.00","35,000.00","270,000.00"
731,190052,SEGAR DINGIN,MINUMAN,MIN,PRES,PRES,DOS,"17,000.00","17,000.00","200,000.00"
732,190053,SHAMPOO CL____,SHAMPOO,SHMP,RTG,RTG,DOS,"10,000.00","10,000.00","384,000.00"
733,190054,SHAMPOO DOVE SC,SHAMPOO,SHMP,RTG,RTG,DOS,"10,000.00","10,000.00","384,000.00"
734,190055,SHAMPOO EMERON SC,SHAMPOO,SHMP,RTG,RTG,DOS,"4,500.00","4,500.00","88,000.00"
735,190056,SHAMPOO HS HEAD SHOULDER,SHAMPOO,SHMP,RTG,RTG,DOS,"9,500.00","9,500.00","370,000.00"
736,190057,SHAMPOO KID KODOMO,SHAMPOO,SHMP,BTL,BTL,RTG,"1,800.00","1,800.00","10,500.00"
737,190058,SHAMPOO LIF___,SHAMPOO,SHMP,RTG,RTG,DOS,"5,000.00","5,000.00","191,500.00"
738,190059,SHAMPOO PANTENE 170ML,SHAMPOO,SHMP,BTL,BTL,BTL,"24,500.00","24,500.00","24,500.00"
739,190060,SHAMPOO PAN____,SHAMPOO,SHMP,RTG,RTG,DOS,"9,500.00","9,500.00","389,000.00"
740,190061,SHAMPOO REJOICE SC,SHAMPOO,SHMP,RTG,RTG,DOS,"9,500.00","9,500.00","386,000.00"
741,190062,SHAMPOO SUN____,SHAMPOO,SHMP,RTG,RTG,DOS,"10,000.00","10,000.00","384,000.00"
742,190063,SHAMPOO ZINC SC,SHAMPOO,SHMP,RTG,RTG,DOS,"5,000.00","5,000.00","95,500.00"
743,190064,SIDOMUNCUL KOPI JAHE,KOPI,KOPI,RTG,RTG,DOS,"16,500.00","16,500.00","195,000.00"
744,190065,SIDOMUNCUL SUSU JAHE,KOPI,KOPI,RTG,RTG,DOS,"16,500.00","16,500.00","195,000.00"
745,190066,SIKAT GIGI CIPTADENT,PASTA,PASTA,PCS,KTK,DOS,"3,000.00","33,000.00","192,500.00"
746,190067,SIKAT GIGI CIPTADENT ISI 3,MISC,MISC,PCS,PCS,KTK,"6,500.00","6,500.00","36,000.00"
747,190068,SIKAT GIGI FORMULA,MISC,MISC,BIJI,KTK,DOS,"3,000.00","32,500.00","192,500.00"
748,190069,SIKAT GIGI KODOMO PRO KID,MISC,MISC,PCS,PCS,KTK,"4,000.00","4,000.00","43,500.00"
749,190070,SILET GOAL BLUE 2,SUSU,SUSU,PCS,LOS,PCS,"9,500.00","9,000.00","9,500.00"
750,190071,SILET GOAL BLUE 3,MISC,MISC,PCS,PCS,RTG,"10,000.00","10,000.00","120,000.00"
751,190072,SILET GOAL KUNING,MISC,MISC,PCS,LOS,PCS,"9,000.00","8,500.00","9,000.00"
752,190073,SILET GOAL,MISC,MISC,PCS,PCS,RTG,"16,000.00","16,000.00","310,000.00"
753,190074,SIRUP ABC ORANGE,SIRUP,SIRUP,BTL,BTL,DOS,"16,000.00","15,500.00","185,000.00"
754,190075,SIRUP ABC SPC,SIRUP,SIRUP,BTL,BTL,DOS,"17,500.00","17,500.00","226,000.00"
755,190076,SODA KUE,BAHAN KUE,BHNK,ONS,KG,ZAK,"2,500.00","15,000.00","250,000.00"
756,190077,SODA KUE RW,BAHAN KUE,BHNK,PRES,PRES,PRES,"9,000.00","9,000.00","9,000.00"
757,190078,SOHUN RRC NAGA 250GR,SOHUN,SOHUN,BKS,BKS,BKS,"5,500.00","5,500.00","5,500.00"
758,190079,SOHUN RRC NAGA 50GR,SOHUN,SOHUN,BKS,LOS,DOS,"2,500.00","2,100.00","925,000.00"
759,190080,SOHUN SRIMPI BR,SOHUN,SOHUN,BKS,BKS,BAL,0,0,"27,500.00"
760,190081,SOHUN SRIMPI K,SOHUN,SOHUN,BKS,BKS,IKT,"14,500.00","14,500.00","70,000.00"
761,190082,SOHUN SRIMPI MR,SOHUN,SOHUN,BKS,BKS,BAL,0,0,"50,000.00"
762,190083,SOKLIN xxxxx,SABUN CAIR,SBNCR,RTG,PRES,DOS,"5,000.00","18,000.00","104,000.00"
763,190084,SOKLIN ALL IN 60GR,DETERGEN,DET,LSN,LSN,DOS,"10,000.00","10,000.00","57,000.00"
764,190085,SOKLIN BUBUK 340GR,DETERGEN,DET,BKS,BKS,DOS,"4,600.00","4,500.00","101,000.00"
765,190086,SOKLIN BUBUK 800GR,DETERGEN,DET,BKS,BKS,DOS,"17,000.00","16,500.00","185,000.00"
766,190087,SOKLIN xxxxxxxxxxx BUBUK MB,DETERGEN,DET,LSN,LSN,DOS,"5,000.00","5,000.00","49,000.00"
767,190088,SOKLIN BUBUK PK,DETERGEN,DET,LSN,LSN,DOS,"10,000.00","10,000.00","57,500.00"
768,190089,SOKLIN LANTAI 450ML,SABUN CAIR,SBNCR,BKS,BKS,DOS,"4,500.00","4,500.00","54,000.00"
769,190090,SOKLIN LANTAI 900ML,SABUN CAIR,SBNCR,BKS,BKS,DOS,"12,000.00","12,000.00","139,500.00"
770,190091,SOKLIN LANTAI RF 1000AN,DETERGEN,DET,BKS,LSN,DOS,900,"10,500.00","41,000.00"
771,190092,SOKLIN LANTAI SC,SABUN CAIR,SBNCR,RTG,PRES,DOS,"5,000.00","19,000.00","107,500.00"
772,190093,SOKLIN LIQUID 100ML RV,ARAK,ARAK,BKS,BKS,DOS,"1,800.00","1,800.00","82,000.00"
773,190094,SOKLIN LIQUID 800ML,SABUN,SBN,BKS,BKS,DOS,"17,500.00","17,500.00","102,000.00"
774,190095,SOKLIN LIQUID SC 40 ML 1000AN,SABUN,SBN,LSN,PRES,DOS,"10,500.00","20,000.00","95,000.00"
775,190096,SOKLIN LIQUID SC.,SABUN,SBN,LSN,PRES,DOS,"5,000.00","10,000.00","47,000.00"
776,190097,SOKLIN PEMUTIH 1000ML,SABUN CAIR,SBNCR,BTL,BTL,DOS,"12,000.00","12,000.00","70,000.00"
777,190098,SOKLIN PEMUTIH 100ML,SABUN CAIR,SBNCR,BTL,LSN,DOS,"1,750.00","19,000.00","75,000.00"
778,190099,SOKLIN PEMUTIH 500ML,SABUN,SBN,BTL,BTL,DOS,"6,500.00","6,500.00","76,500.00"
779,190100,SOKLIN PEMUTIH SC,SABUN,SBN,PRES,PRES,DOS,"2,500.00","2,500.00","68,000.00"
780,190101,SOKLIN PEWANGI 450ML,SABUN CAIR,SBNCR,BKS,BKS,DOS,"5,000.00","5,000.00","148,000.00"
781,190102,SOKLIN PEWANGI 900ML,SABUN CAIR,SBNCR,BKS,BKS,DOS,"13,000.00","12,500.00","155,000.00"
782,190103,SOKLIN PEWANGI GLAMOR SC.,DETERGEN,DET,RTG,PRES,DOS,"4,000.00","15,000.00","85,000.00"
783,190104,SOKLIN PEWANGI RF 1000AN,SUSU,SUSU,BKS,BKS,DOS,900,"10,500.00","41,000.00"
784,190105,SOKLIN PEWANGI SC,SABUN CAIR,SBNCR,RTG,PRES,DOS,"4,500.00","15,000.00","81,000.00"
785,190106,SOKLIN ROYALE SC. P500,DETERGEN,DET,RTG,PRES,DOS,"5,000.00","19,500.00","112,500.00"
786,190107,SOKLIN SOFTENER SC,SABUN CAIR,SBNCR,RTG,PRES,DOS,"5,000.00","18,000.00","105,000.00"
787,190108,SOKLIN SOFTENER 900ML,SABUN CAIR,SBNCR,BKS,BKS,DOS,"11,500.00","11,500.00","128,000.00"
788,190109,SOKLIN SOFTENER PREMIUM,SABUN CAIR,SBNCR,RTG,PRES,DOS,"5,000.00","17,500.00","105,000.00"
789,190110,SOKLIN SOFTENER RF 1000AN,SABUN,SBN,BKS,BKS,DOS,900,"10,500.00","41,000.00"
790,190111,SOSIS SO NICE,FOOD,FOOD,PCS,PCS,DOS,"19,000.00","19,000.00","111,000.00"
791,190112,SP TBM QUICK B,BAHAN KUE,BHNK,BKS,BKS,PRES,"4,500.00","4,500.00","38,000.00"
792,190113,SP TBM QUICK K,BAHAN KUE,BHNK,BKS,BKS,PRES,"1,000.00","1,000.00","9,000.00"
793,190114,STMJ SIDOMUNCUL,MINUMAN,MIN,RTG,PRES,DOS,"14,500.00","84,000.00","500,000.00"
794,190115,SUMBO RAJAWALI KUNING,SUMBO,SUMBO,BTL,BTL,KTK,"2,250.00","2,250.00","23,000.00"
795,190116,SUNLIGHT CAIR 90 ML,SABUN CAIR,SBNCR,BKS,LSN,DOS,"1,800.00","21,000.00","110,000.00"
796,190117,SUNLIGHT CAIR 210ML,SABUN CAIR,SBNCR,BKS,BKS,DOS,"4,500.00","4,500.00","98,000.00"
797,190118,SUNLIGHT CAIR 420ML,SABUN CAIR,SBNCR,BKS,BKS,DOS,"9,000.00","9,000.00","106,000.00"
798,190119,SUNLIGHT CAIR 52ML 1000-AN,SABUN CAIR,SBNCR,BKS,BKS,DOS,900,"10,500.00","61,000.00"
799,190120,SUNLIGHT CAIR xxxxxxxx 755ML,SABUN CAIR,SBNCR,BKS,LOS,DOS,"17,500.00","17,000.00","205,000.00"
800,190121,SUNLIGHT CREAM 175 GR,SABUN,SBN,BKS,BKS,DOS,"2,000.00","1,800.00","54,000.00"
801,190122,SUPER PELL 770ML,SABUN CAIR,SBNCR,BKS,BKS,DOS,"15,000.00","15,000.00","174,500.00"
802,190123,SUPER PELL RV 90ML,SABUN CAIR,SBNCR,BKS,BKS,DOS,900,900,"63,000.00"
803,190124,SUPERSOL RV 800ML,MISC,MISC,BKS,BKS,DOS,"17,000.00","17,000.00","200,000.00"
804,190125,S XXXXX SUPERSOL RV48ML,SABUN CAIR,SBNCR,BKS,BKS,DOS,900,900,"41,000.00"
805,190126,S XXXXX SUPERSOL SC,SABUN CAIR,SBNCR,LSN,PRES,DOS,"5,000.00","9,500.00","55,500.00"
806,190127,SWEETY RTG M,PEMBALUT,PMBLT,RTG,LSN,DOS,"11,000.00","22,000.00","195,000.00"
807,190128,SWEETY RTG L,PEMBALUT,PMBLT,RTG,LSN,DOS,"11,000.00","22,000.00","175,000.00"
808,190129,SWEETY RTG S,PEMBALUT,PMBLT,RTG,LSN,DOS,1,1,1
809,190130,SWEETY RTG XL,PEMBALUT,PMBLT,RTG,LSN,DOS,"14,500.00","29,000.00","265,000.00"
810,190131,SOKLIN BIOMATIC FRONT LOAD 1KG,DETERGEN,DET,PCS,PCS,DOS,"31,500.00","31,500.00","348,000.00"
811,190132,SHAMPOO LIFEBOY BIRU SC,SHAMPOO,SHMP,RTG,RTG,DOS,"5,000.00","4,800.00","191,500.00"
812,190133,SHAMPOO LIFEBOY HIJAU SC,SHAMPOO,SHMP,RTG,RTG,DOS,"5,000.00","4,800.00","185,000.00"
813,190134,SHAMPOO LIFEBOY MERAH SC,SHAMPOO,SHMP,RTG,RTG,DOS,"5,000.00","4,800.00","191,500.00"
814,190135,SHAMPOO CLEAR BIRU SC,SHAMPOO,SHMP,RTG,RTG,DOS,"10,000.00","10,000.00","384,000.00"
815,190136,SHAMPOO CLEAR HIJAU SC,SHAMPOO,SHMP,RTG,RTG,DOS,"10,000.00","10,000.00","384,000.00"
816,190137,SHAMPOO CLEAR HITAM SC,SHAMPOO,SHMP,RTG,RTG,DOS,"10,000.00","10,000.00","384,000.00"
817,190138,SHAMPOO SUNSILK KUNING SC,SHAMPOO,SHMP,RTG,RTG,DOS,"10,000.00","9,500.00","384,000.00"
818,190139,SHAMPOO SUNSILK HITAM SC,SHAMPOO,SHMP,RTG,RTG,DOS,"10,000.00","9,500.00","384,000.00"
819,190140,SHAMPOO PANTENE BIRU SC,SHAMPOO,SHMP,RTG,RTG,DOS,"9,500.00","9,500.00","389,000.00"
820,190141,SHAMPOO PANTENE MERAH SC,SHAMPOO,SHMP,RTG,RTG,DOS,"9,500.00","9,500.00","389,000.00"
821,190142,SHAMPOO PANTENE UNGU SC,SHAMPOO,SHMP,RTG,RTG,DOS,"9,500.00","9,500.00","389,000.00"
822,190143,SHAMPOO PANTENE HIJAU SC,SHAMPOO,SHMP,RTG,RTG,DOS,"9,500.00","9,500.00","389,000.00"
823,190144,SHAMPOO PANTENE HITAM SC,SHAMPOO,SHMP,RTG,RTG,DOS,"9,500.00","9,500.00","389,000.00"
824,190145,SAOS SAMBAL SASA SC,,,PRES,PRES,DOS,"11,000.00","11,000.00","210,000.00"
825,190146,SAOS ROCKY,,,PCS,PCS,PETI,"7,500.00","7,000.00","265,000.00"
826,190147,SEDANI SPAGETTI,,,BKS,BKS,DOS,"21,000.00","21,000.00","205,000.00"
827,190148,SHAMPOO KID KODOMO RTG,,,RTG,RTG,DOS,"5,000.00","5,000.00","47,500.00"
828,190149,SUNLIGHT CAIR 650ML,,,PCS,PCS,DOS,"11,500.00","10,500.00","112,500.00"
829,190150,SAORI TERIYAKI SC,,,RTG,RTG,DOS,"27,000.00","26,500.00","204,000.00"
830,190151,SAORI TIRAM MJ,,,PCS,PCS,DOS,"10,000.00","9,500.00","224,000.00"
831,190152,SOKLIN SMART 725Gr,,,BKS,BKS,DOS,"23,000.00","23,000.00","135,000.00"
832,190153,SEDAP MIE BAKED GR / ST,,,PCS,PCS,DOS,"2,500.00","2,500.00","60,000.00"
833,190154,Soda Kue Jepang,,,KG,KG,ZAK,"30,000.00","28,500.00","560,000.00"
834,190155,SO SOFT SC 80ML,,,RTG,RTG,DOS,"10,000.00","10,000.00","90,000.00"
835,190156,SUPERSOL 230ML,,,PCS,PCS,DOS,"4,500.00","4,300.00","102,000.00"
836,190157,SEDAP BUMBU KALDU SAPI 2+1,,,RTG,RTG,DOS,"5,000.00","5,000.00","129,000.00"
837,190158,SOKLIN LIQUID 215ML 5000AN,,,PCS,PCS,DOS,"4,500.00","4,500.00","77,500.00"
838,190159,SUMBO RAJAWALI MERAH ARBEI,,,BTL,BTL,KTK,"2,250.00","2,250.00","23,000.00"
839,190160,SUMBO RAJAWALI MERAH MUDA,,,BTL,BTL,KTK,"2,250.00","2,250.00","23,000.00"
840,190161,SUMBO RAJAWALI HIJAU APEL,,,BTL,BTL,KTK,"2,250.00","2,250.00","23,000.00"
841,200001,TALI RAFIA CAP MAWAR,MISC,MISC,BAL,BAL,BAL,"21,000.00","21,000.00","21,000.00"
842,200002,TANGO WAFER,KUE,KUE,KLG,KLG,DOS,"25,000.00","25,000.00","25,000.00"
843,200003,TEH 999,TEH,TEH,BKS,PRES,BAL,"2,250.00","18,000.00","165,000.00"
844,200004,TEH DANDANG MERAH,TEH,TEH,PRES,PRES,PRES,"38,500.00",0,0
845,200005,TEH GELAS,TEH,TEH,DOS,DOS,DOS,"19,000.00","19,000.00","19,000.00"
846,200006,TEH JAVANA,MINUMAN,MIN,BTL,BTL,DOS,"2,500.00","2,500.00","25,000.00"
847,200007,TEH NAGA KOTAK CELUP,TEH,TEH,KTK,LOS,DOS,"5,000.00","4,750.00","215,000.00"
848,200008,TEH NAGA PLASTIK,TEH,TEH,PAK,PRES,DOS,"11,500.00","52,000.00","1,035,000.00"
849,200009,TEH SARIMELATI,TEH,TEH,LSN,LSN,DOS,"15,500.00","15,500.00","178,000.00"
850,200010,TEH SARIWANGI KTK,TEH,TEH,KTK,KTK,DOS,"6,000.00","5,750.00","265,000.00"
851,200011,TEH SARIWANGI SC,TEH,TEH,LSN,LSN,DOS,"10,000.00","10,000.00","236,000.00"
852,200012,TEH SOSRO KTK TB 30,TEH,TEH,KTK,PRES,DOS,"6,000.00","54,000.00","535,000.00"
853,200013,TE xxxxxxxxxx,TEH,TEH,PRES,PRES,DOS,"19,250.00","19,250.00","190,000.00"
854,200014,TEH TONG DJI 25 MELATI,TEH,TEH,KTK,PRES,PRES,"10,500.00","50,000.00","50,000.00"
855,200015,TEH TONG DJI SUPER 40GR,TEH,TEH,PRES,PRES,BAL,"29,000.00","29,000.00","285,000.00"
856,200016,TELUR,FOOD,FOOD,KG,KG,PETI,"27,500.00","27,000.00","255,000.00"
857,200017,TEPUNG BERAS KAMALIA,TEPUNG,TEPUNG,PRES,PRES,ZAK,"17,500.00","17,500.00","253,000.00"
858,200018,TEPUNG BERAS KLAMPOK 25KG,TEPUNG,TEPUNG,KG,KG,ZAK,"10,000.00","10,000.00","242,500.00"
859,200019,TEPUNG BERAS MATAHARI,TEPUNG,TEPUNG,PRES,PRES,ZAK,"22,500.00","22,500.00","265,000.00"
860,200020,TEPUNG BERAS NE,TEPUNG,TEPUNG,KG,KG,DOS,"14,000.00","14,000.00","134,000.00"
861,200021,TEPUNG BERAS ROSE 500GR,TEPUNG,TEPUNG,BKS,KG,DOS,"7,500.00","14,000.00","137,000.00"
862,200022,TEPUNG BERAS VIRGO BR.,TEPUNG,TEPUNG,PAK,PRES,ZAK,"8,000.00","8,000.00","225,000.00"
863,200023,TEPUNG BERAS VIRGO MR.,TEPUNG,TEPUNG,PRES,PRES,ZAK,"9,000.00","9,000.00","265,000.00"
864,200024,TEPUNG BUMBU JEMPOL B,TEPUNG,TEPUNG,PRES,PRES,PRES,"25,000.00","25,000.00","25,000.00"
865,200025,TEPUNG BUMBU JEMPOL K,TEPUNG,TEPUNG,PRES,PRES,DOS,"17,000.00","17,000.00","236,000.00"
866,200026,TEPUNG BUMBU SASA P1000,TEPUNG,TEPUNG,PRES,PRES,DOS,"9,000.00","9,000.00","128,000.00"
867,200027,TPNG CAKRA 25KG,TEPUNG,TEPUNG,KG,LOS,ZAK,1,1,"218,500.00"
868,200028,TPNG PAYUNG 25KG,TEPUNG,TEPUNG,KG,LOS,ZAK,1,1,"173,000.00"
869,200029,TEPUNG DF / Wilis (LOW),TEPUNG,TEPUNG,KG,KG,ZAK,0,0,"171,000.00"
870,200030,TEPUNG HUNG KWEE KURA,TEPUNG,TEPUNG,BKS,PRES,DOS,"2,750.00","23,000.00","210,000.00"
871,200031,TEPUNG KETAN BOLA / NE,TEPUNG,TEPUNG,KG,KG,DOS,"22,000.00","22,000.00","200,000.00"
872,200032,TEPUNG KETAN ROSE 500GR,TEPUNG,TEPUNG,BKS,KG,DOS,"10,000.00","19,500.00","192,000.00"
873,200033,TEPUNG KOBE CRISPY 2000AN,TEPUNG,TEPUNG,RTG,RTG,DOS,"19,000.00","18,500.00","215,000.00"
874,200034,TEPUNG KOBE K,TEPUNG,TEPUNG,BKS,PRES,DOS,"18,500.00","18,500.00","110,000.00"
875,200035,TEPUNG KOBE TEMPE B.,TEPUNG,TEPUNG,RTG,PRES,DOS,0,0,0
876,200036,TPNG LM 25KG,TEPUNG,TEPUNG,ZAK,ZAK,ZAK,0,0,"175,500.00"
877,200037,TEPUNG ROTI,TEPUNG,TEPUNG,KG,KG,ZAK,"18,000.00","17,500.00","160,000.00"
878,200038,TEPUNG SASA TB 80 BAKWAN,TEPUNG,TEPUNG,RTG,RTG,DOS,"23,000.00","23,000.00","263,000.00"
879,200039,TEPUNG SASA TB 80 KENTAKY,TEPUNG,TEPUNG,RTG,RTG,DOS,"23,000.00","23,000.00","263,000.00"
880,200040,TEPUNG SASA TB 80 PISANG,TEPUNG,TEPUNG,RTG,RTG,DOS,"23,000.00","23,000.00","263,000.00"
881,200041,TPNG SEGITIGA 1KG DUS,TEPUNG,TEPUNG,KG,BKS,DOS,"12,000.00","11,500.00","127,500.00"
882,200042,TPNG SGTG 25KG,TEPUNG,TEPUNG,KG,LOS,ZAK,1,1,"213,000.00"
883,200043,TEPUNG TERIGU KUNCI,TEPUNG,TEPUNG,ZAK,ZAK,ZAK,"178,500.00","178,500.00","178,500.00"
884,200044,TEPUNG VIRGO PEYEK K.,TEPUNG,TEPUNG,PAK,PRES,ZAK,"4,500.00","25,000.00","245,000.00"
885,200045,TERASI ABC,BUMBU,BUMBU,PAK,PAK,DOS,"7,500.00","7,000.00","245,000.00"
886,200046,TOLAK ANGIN,OBAT,OBAT,KTK,KTK,DOS,"45,500.00","45,000.00","1,350,000.00"
887,200047,TOLAK ANGIN ANAK,OBAT,OBAT,KTK,KTK,KTK,"32,500.00","32,000.00",0
888,200048,TOLAK LINU CAIR,MISC,MISC,KTK,KTK,KTK,"15,000.00","14,500.00","14,500.00"
889,200049,TOP GULA,KOPI,KOPI,RTG,RTG,DOS,"15,000.00","14,500.00","144,000.00"
890,200050,TOP GULA AREN / Avo / Moka SC,KOPI,KOPI,RTG,RTG,DOS,"18,000.00","17,500.00","200,000.00"
891,200051,TOP GULA TORAJA 2+1,KOPI,KOPI,RTG,RTG,DOS,"13,500.00","13,000.00","124,000.00"
892,200052,TOP K 7GR,KOPI,KOPI,RTG,RTG,DOS,"7,500.00","7,000.00","135,000.00"
893,200053,TOP KOPI 165GR,KOPI,KOPI,BKS,LOS,DOS,"19,500.00","19,000.00","435,000.00"
894,200054,TOP CAPPUCINNO,KOPI,KOPI,RTG,LOS,DOS,"19,000.00","18,500.00","220,000.00"
895,200055,TOP PLUS,KOPI,KOPI,RTG,RTG,DOS,"8,000.00","8,000.00","93,500.00"
896,200056,TOP SUSU,KOPI,KOPI,RTG,RTG,DOS,"16,000.00","15,500.00","150,000.00"
897,200057,TOP SUSU KENTAL 30GR,KOPI,KOPI,RTG,RTG,DOS,"15,500.00","15,000.00","145,000.00"
898,200058,TOP WHITE,KOPI,KOPI,RTG,RTG,DOS,"14,000.00","13,500.00","130,000.00"
899,200059,TOP NEO 2+1 MOCA / CARAMEL,KOPI,KOPI,RTG,RTG,DOS,"15,000.00","15,000.00","175,000.00"
900,200060,TUMBAR,PALAWIJA,PLWJ,ONS,KG,ZAK,"4,000.00","21,000.00","550,000.00"
901,200061,TROPICANA GULA DIABETX,,,PRES,PRES,DOS,"62,500.00","62,500.00","625,000.00"
902,200062,TOP BARISTA KOPI GULA,,,RTG,RTG,DOS,"15,000.00","14,500.00","165,000.00"
903,200063,TEPUNG BUMBU SASA 1KG,,,BKS,BKS,DOS,"16,500.00","15,750.00","182,500.00"
904,200064,TEPUNG TEGU,,,ZAK,ZAK,ZAK,"218,500.00",0,0
905,200065,TEPUNG BUMBU RACIK 32gr,,,RTG,RTG,DOS,"9,000.00","9,000.00","130,000.00"
906,200066,TEPUNG RACIK KRISPI,,,RTG,RTG,DOS,"21,000.00","21,000.00","235,000.00"
907,200067,TPNG CAKRA 1KG DUS,,,PCS,PCS,DUS,"12,500.00","12,250.00","130,000.00"
908,200068,TEPUNG BERAS BOLA,,,PCS,KG,DOS,"7,000.00","14,000.00","141,000.00"
909,200069,TEH SOSRO SC ISI10 Baru,,,RTG,RTG,DOS,"9,000.00","8,500.00","192,000.00"
910,200070,TEPUNG SAGU AREN,,,KG,KG,ZAK,"12,000.00","11,500.00","525,000.00"
911,200071,TEH SARIMURNI SC,,,RTG,RTG,DOS,"15,000.00","15,000.00","215,000.00"
912,200072,T________,,,PCS,PCS,PCS,0,0,0
913,220001,VANILI LAYAR BTL K,BAHAN KUE,BHNK,BTL,BTL,LSN,"2,750.00","2,500.00","28,500.00"
914,220002,VANILI LAYAR BUNDAR,BAHAN KUE,BHNK,PAK,LSN,DOS,"4,500.00","41,500.00","2,350,000.00"
915,220003,VANILI LOKAL,BAHAN KUE,BHNK,KG,KG,KG,"35,000.00","35,000.00","35,000.00"
916,220004,VIXAL 800ML,SABUN CAIR,SBNCR,BTL,BTL,DOS,"24,000.00","24,000.00","268,500.00"
917,220005,V________,,,PCS,PCS,PCS,0,0,0
918,220006,V________,,,PCS,PCS,PCS,0,0,0
919,220007,V________,,,PCS,PCS,PCS,0,0,0
920,220008,V________,,,PCS,PCS,PCS,0,0,0
921,220009,V________,,,PCS,PCS,PCS,0,0,0
922,220010,V________,,,PCS,PCS,PCS,0,0,0
923,220011,V________,,,PCS,PCS,PCS,0,0,0
924,220012,V________,,,PCS,PCS,PCS,0,0,0
925,220013,V________,,,PCS,PCS,PCS,0,0,0
926,220014,V________,,,PCS,PCS,PCS,0,0,0
927,220015,V________,,,PCS,PCS,PCS,0,0,0
928,230001,WIJEN,PALAWIJA,PLWJ,ONS,ONS,KG,"6,000.00","5,500.00","43,000.00"
929,230002,WING 12KG,SABUN COLEK,SBNCLK,KLG,KLG,KLG,"155,000.00",0,0
930,230003,WING 200K Hijau,DETERGEN,DET,BKS,RTG,DOS,500,"2,700.00","35,000.00"
931,230004,WING 200K Putih,DETERGEN,DET,BKS,RTG,DOS,500,"2,700.00","335,000.00"
932,230005,WING 20KG,SABUN COLEK,SBNCLK,KLG,KLG,KLG,"260,000.00",0,0
933,230006,WING 350K Hijau,DETERGEN,DET,BKS,BKS,DOS,900,900,"49,000.00"
934,230007,WING 350K Putih,DETERGEN,DET,BKS,BKS,DOS,900,900,"49,000.00"
935,230009,WING 350K Kuning / biru,DETERGEN,DET,BKS,BKS,DOS,900,900,"49,000.00"
936,230010,WING 3KG,SABUN COLEK,SBNCLK,KLG,KLG,KLG,"42,500.00",0,0
937,230011,WING 500K Hijau,DETERGEN,DET,BKS,BKS,DOS,"1,800.00","1,800.00","51,500.00"
938,230012,WING 500K Putih,DETERGEN,DET,BKS,BKS,DOS,"1,800.00","1,800.00","52,000.00"
939,230013,WING 500K Biru,DETERGEN,DET,BKS,BKS,DOS,"1,800.00","1,800.00","52,000.00"
940,230014,WING 500K Kuning / nanas,DETERGEN,DET,BKS,BKS,DOS,"1,800.00","1,800.00","50,000.00"
941,230015,WING 5KG,SABUN COLEK,SBNCLK,KLG,KLG,KLG,"65,000.00",0,0
942,230016,WING 900K,SABUN COLEK,SBNCLK,BKS,BKS,DOS,"5,000.00","5,000.00","54,000.00"
943,230017,WING CEPUK 1/2KG,SABUN COLEK,SBNCLK,PCS,BH,DOS,"4,000.00","4,000.00","93,000.00"
944,230018,WING CEPUK 1/4KG,SABUN COLEK,SBNCLK,PCS,BH,DOS,"2,750.00","2,750.00","85,000.00"
945,230019,WING GELAS 350GR,DETERGEN,DET,PCS,PCS,LSN,"8,000.00","8,000.00","85,000.00"
946,230020,WIPOL 240ML 5000an,SABUN,SBN,BKS,BKS,DOS,"4,500.00","4,500.00","107,500.00"
947,230021,WIPOL 450ML,SABUN CAIR,SBNCR,BKS,BKS,DOS,"9,500.00","9,500.00","212,500.00"
948,230022,WIPOL 750ML,SABUN CAIR,SBNCR,BKS,BKS,DOS,"18,000.00","18,000.00","195,000.00"
949,230023,W xxxxxxxx,SABUN,SBN,LSN,LSN,DOS,"10,500.00","10,500.00","120,000.00"
950,230024,WIPOL SC 45ML 1000-AN new,,,LSN,LSN,DOS,"10,000.00","10,000.00","112,000.00"
951,230025,WOW MIE SPAGETTI,,,PCS,RTG,DOS,"3,500.00","15,000.00","118,000.00"
952,230026,W________,,,BTL,BTL,DOS,0,0,0
953,230027,W________,,,PCS,PCS,PCS,0,0,0
954,230028,W________,,,BTL,BTL,DOS,0,0,0
955,230029,W________,,,KLG,KLG,KLG,0,0,0
956,230030,W________,,,BTL,BTL,DOS,0,0,0
957,230031,W________,,,KLG,KLG,KLG,0,0,0
958,230032,W________,,,BTL,BTL,DOS,0,0,0
959,230033,W________,,,BKS,BKS,DOS,0,0,0
960,240001,X________,,,PCS,PCS,PCS,0,0,0
961,240002,X________,,,PCS,PCS,PCS,0,0,0
962,240003,X________,,,PCS,PCS,PCS,0,0,0
963,240004,X________,,,PCS,PCS,PCS,0,0,0
964,240005,X________,,,PCS,PCS,PCS,0,0,0
965,240006,X________,,,PCS,PCS,PCS,0,0,0
966,240007,X________,,,PCS,PCS,PCS,0,0,0
967,240008,X________,,,PCS,PCS,PCS,0,0,0
968,240009,X________,,,PCS,PCS,PCS,0,0,0
969,240010,X________,,,PCS,PCS,PCS,0,0,0
970,240011,X________,,,PCS,PCS,PCS,0,0,0
971,240012,X________,,,PCS,PCS,PCS,0,0,0
972,240013,X________,,,PCS,PCS,PCS,0,0,0
973,240014,X________,,,PCS,PCS,PCS,0,0,0
974,240015,X________,,,PCS,PCS,PCS,0,0,0
975,130134,MINYAK WIJEN MEJA 135ML LB,MISC,MISC,PCS,PCS,LSN,"6,000.00","6,000.00","60,000.00"
976,110129,KECAP RAJA RASA MJ 135ML LB,MISC,MISC,PCS,PCS,LSN,"6,000.00","6,000.00","60,000.00"
977,10,______faktur campur______,MISC,MISC,PCS,PCS,PCS,0,0,0
978,50,EKONOMI PENCUCI 2+1,MISC,MISC,PCS,PCS,DOS,"3,500.00","3,500.00","40,000.00"
979,51,_____ TEMP2,MISC,MISC,PCS,PCS,PCS,0,0,0
980,130140,MADU TJ,MISC,MISC,KTK,KTK,DOS,"9,500.00","9,250.00","200,000.00"
981,110130,KACANG HIJAU MINYAK,MISC,MISC,KG,KG,ZAK,"27,000.00","26,000.00","612,500.00"
982,110131,KECAP SAWI RV 5000an,MISC,MISC,PCS,PCS,DOS,"4,500.00","4,500.00","105,000.00"
983,200073,TEPUNG SASA TB 80 ORIGINAL,MISC,MISC,RTG,RTG,DUS,"23,000.00","23,000.00","252,000.00"
984,130141,MINYAK POLOS 900ML,MISC,MISC,BTL,BTL,KRAT,1,1,"168,000.00"
985,130142,MINYAK POLOS 800ML,MISC,MISC,BTL,BTL,KRAT,1,1,"158,000.00"
986,110132,KECAP KIPAS SATE JRG,MISC,MISC,JRG,JRG,JRG,0,0,"146,000.00"
987,110133,KANJI TANI KUNING 25KG,MISC,MISC,KG,KG,ZAK,0,0,"350,000.00"
988,160034,PLASTIK BOYO HDPE 1/2kg,MISC,MISC,PCS,PCS,IKT,"3,000.00","3,000.00","13,500.00"
989,160035,PLASTIK BOYO HDPE 1kg,MISC,MISC,PCS,PCS,IKT,"4,000.00","4,000.00","17,500.00"
990,200074,TOTOLE 80GR,MISC,MISC,PCS,LOS,DOS,"11,000.00","10,750.00","1,030,000.00"
991,130143,MASAKO SAPI 1KG,MISC,MISC,BKS,BKS,DOS,"34,000.00","34,000.00","395,000.00"
992,110134,KOPI JALAK GEBOK,MISC,MISC,PCS,PCS,DOS,"6,000.00","5,500.00","110,000.00"
993,200075,TIGA RODA OBAT NYAMUK,MISC,MISC,IKT,IKT,DOS,"16,500.00","16,500.00","185,000.00"
994,110135,KREMER TIGA SAPI,MISC,MISC,KLG,LOS,DOS,"13,500.00","13,000.00","592,500.00"
995,190162,SUMBO RAJAWALI HIJAU TUA,MISC,MISC,BTL,BTL,KTK,"2,250.00","2,250.00","23,000.00"
996,190163,SUMBO RAJAWALI HIJAU PANDAN,MISC,MISC,BTL,BTL,KTK,"2,250.00","2,250.00","23,000.00"
997,190164,SUMBO RAJAWALI COKLAT,MISC,MISC,BTL,BTL,KTK,"2,250.00","2,250.00","23,000.00"
998,190165,SUMBO RAJAWALI HITAM,MISC,MISC,BTL,BTL,KTK,"2,250.00","2,250.00","23,000.00"
999,190167,SUMBO RAJAWALI HIJAU MUDA,MISC,MISC,BTL,BTL,KTK,"2,250.00","2,250.00","23,000.00"
1000,190166,SAMBAL DUA BELIBIS JRG ,MISC,MISC,JRG,JRG,JRG,"180,000.00",0,0
1001,3,_________,MISC,MISC,___,___,___,1,1,1
1002,4,__________,MISC,MISC,___,___,___,1,1,1
1003,130144,MIE INDOMIE GR JUMBO,MISC,MISC,PCS,PCS,DOS,"4,500.00","4,000.00","90,000.00"
1004,130145,MAMA SUKA TEPUNG BAKWAN New,MISC,MISC,RTG,PRES,DOS,"26,000.00","25,500.00","302,500.00"
1005,110136,KONJAC ANGGUR,MISC,MISC,PCS,KTK,DOS,"2,000.00","20,500.00","235,000.00"
1006,110137,KONJAC KELAPA,MISC,MISC,PCS,KTK,DOS,"2,000.00","20,500.00","235,000.00"
1007,110138,KONJAC LECI,MISC,MISC,PCS,KTK,DOS,"2,000.00","20,500.00","235,000.00"
1008,110139,KONJAC JERUK,MISC,MISC,PCS,KTK,DOS,"2,000.00","20,500.00","235,000.00"
1009,110140,KONJAC JAMBU,MISC,MISC,PCS,KTK,DOS,"2,000.00","20,500.00","235,000.00"
1010,110141,KONJAC MANGGA,MISC,MISC,PCS,KTK,DOS,"2,000.00","20,500.00","235,000.00"
1011,110142,KONJAC MELON,MISC,MISC,PCS,KTK,DOS,"2,000.00","20,500.00","235,000.00"
1012,110143,KONJAC STRAWBERRY,MISC,MISC,PCS,KTK,DOS,"2,000.00","20,500.00","235,000.00"
1013,110144,KONJAC SIRSAK,MISC,MISC,PCS,KTK,DOS,"2,000.00","20,500.00","235,000.00"
1014,110145,KONJAC COKLAT,MISC,MISC,PCS,KTK,DOS,"2,800.00","30,000.00","350,000.00"
1015,110146,KEJU PROCIZ SPREADY,MISC,MISC,PCS,PCS,DOS,0,0,"565,000.00"
1016,190168,SUMBO RAJAWALI MERAH TUA,MISC,MISC,BTL,BTL,KTK,"2,250.00","2,250.00","23,000.00"
1017,SS______,New Product #SS______,MISC,MISC,BTL,,,0,0,0
1018,160036,PROTEX RTG DAUN SIRIH,MISC,MISC,RTG,RTG,DOS,"4,500.00","4,500.00","105,000.00"
1019,10045,AGAR AGAR MURNI BAKULAN,MISC,MISC,ONS,KG,KG,"45,000.00","400,000.00","400,000.00"
1020,130146,MINYAK GR RIZKY 800ML BTL,MISC,MISC,BTL,BTL,KRAT,"16,500.00","16,000.00","187,500.00"
1021,990001,PROMO xxx kec sed 5+1,MISC,MISC,PCS,LOS,DOS,"1,750.00","1,700.00","64,000.00"
1022,130147,MINYAK GR KITA RV PILLOW 1L,MISC,MISC,BKS,BKS,DOS,"18,000.00","18,000.00","207,500.00"
1023,190169,SEDAP BUMBU KALDU AYAM 2+1,MISC,MISC,RTG,RTG,DOS,"5,000.00","5,000.00","131,000.00"
1024,110147,KANJI MAWAR 500GR,MISC,MISC,BKS,BKS,BAL,"6,000.00","5,500.00","105,000.00"
1025,200076,TPNG SEGITIGA 500gr DUS,MISC,MISC,BKS,BKS,DOS,"6,000.00","5,500.00","109,000.00"
1026,190170,SAOS TOMAT CAP JEMPOL,MISC,MISC,BKS,BKS,BAL,"4,000.00","4,000.00","84,000.00"
1027,190171,SAOS SAMBAL CAP JEMPOL,MISC,MISC,BKS,BKS,BAL,"4,500.00","4,500.00","95,500.00"
1028,110148,KECAP MANIS CAP JEMPOL 450ML,MISC,MISC,BKS,BKS,BAL,"10,500.00","10,500.00","240,000.00"
1029,130148,MILKU SUSU UHT ORI,MISC,MISC,BTL,BTL,KRAT,1,1,"34,000.00"
1030,130149,MIE EKO MIE BUMBU GORENG,MISC,MISC,BKS,BKS,DOS,"1,500.00","1,500.00","52,500.00"
1031,200078,Telur Pi Tan,MISC,MISC,PCS,PCS,,"10,900.00",0,0
1032,990002,PROMO SUNLIGHT 90ML 5+1,MISC,MISC,PCS,IKT,DOS,"1,800.00","9,000.00","100,000.00"
1033,110149,KOPI YA SP / fresco MINI RTG,MISC,MISC,RTG,RTG,DOS,"7,000.00","7,000.00","131,000.00"
1034,190172,SUPERSOL SCT 38ML 1000AN,MISC,MISC,LSN,LSN,DOS,"9,000.00","9,000.00","40,000.00"
1035,160037,PROTEX ISI 8,MISC,MISC,BKS,IKT,DOS,"3,500.00","20,000.00","75,000.00"
1036,190173,SAORI TERIYAKI MJ.,MISC,MISC,PCS,PCS,DOS,"10,000.00","10,000.00","224,000.00"
1037,190174,SAORI LADA HITAM SC,MISC,MISC,RTG,RTG,DOS,"27,500.00","27,500.00","205,000.00"
1038,70047,GULA MERAH TEBU 10kg,MISC,MISC,KG,KG,BAL,"15,000.00","15,000.00","125,000.00"
1039,200079,TEPUNG SASA TB 80 HOT & SPICY,MISC,MISC,RTG,RTG,DOS,"23,000.00","22,500.00","263,000.00"
1040,110150,KUNYIT DESAKU,MISC,MISC,RTG,PRES,DOS,"10,500.00","21,000.00","351,500.00"
1041,110151,KRUPUK KRUFIN UDANG / BAWANG 500GR,MISC,MISC,BKS,BKS,DOS,"12,000.00","11,500.00","110,000.00"
1042,190175,SANTAN SASA / COCOMAXI TCA ISI32,MISC,MISC,PCS,PCS,DOS,"5,000.00","4,750.00","147,500.00"
1043,200080,TONG DJI AMPLOP,MISC,MISC,KTK,KTK,KTK,"13,500.00",0,0
1044,110152,KECAP BANGO RV 1.5KG,MISC,MISC,BKS,BKS,DOS,"47,000.00","46,500.00","275,000.00"
1045,110153,KRUPUK KRUFIN UDANG/ BAWANG 250GR,MISC,MISC,BKS,BKS,DOS,"5,500.00","5,500.00","102,000.00"
1046,200081,TOTOLE 40 GR,MISC,MISC,PCS,PCS,DOS,"5,500.00",0,"1,060,000.00"
1047,200082,TOTOLE 200GR,MISC,MISC,PCS,PCS,DOS,"26,000.00",0,"997,500.00"
1048,200083,TOTOLE 400 GR,MISC,MISC,PCS,PCS,DOS,"51,000.00",0,"980,000.00"
1049,200084,TPNG LM 1KG DUS,MISC,MISC,BKS,BKS,DOS,"10,000.00","9,500.00","110,000.00"
1050,190176,SAFT MINI SC,MISC,MISC,PCS,KTK,DOS,"5,000.00","18,000.00","975,000.00"
1051,130150,__ MINYAK CR GC,MISC,MISC,JRG,JRG,JRG,0,"310,000.00","305,600.00"
1052,190177,SASA MICIN RP 500,MISC,MISC,PRES,PRES,DOS,"14,500.00","14,500.00","247,500.00"
1053,110154,K____,MISC,MISC,KG,KG,KG,0,0,0
1054,30039,CRH KANJI MAWAR 1 KG,MISC,MISC,KG,LOS,KG,"10,000.00","9,500.00",0
1055,30040,CRH TERIGU PAYUNG 1KG,MISC,MISC,KG,LOS,KG,"8,000.00","7,500.00",0
1056,30041,CRH TERIGU SGTG 1KG,MISC,MISC,KG,LOS,KG,"10,000.00","9,500.00",0
1057,30042,CRH TERIGU CAKRA 1KG,MISC,MISC,KG,LOS,KG,"10,500.00","10,000.00",0
1058,110155,KONJAC CINCAU,MISC,MISC,PCS,KTK,DOS,"2,000.00","20,500.00","235,000.00"
1059,110156,KECAP 2 BURUNG 450 ML,MISC,MISC,PCS,PC,DOS,"12,000.00","12,000.00","140,000.00"
1060,130151,MIE KUDA MENJANGAN KL kecil,MISC,MISC,BAL,BAL,BAL,"37,000.00",0,0
1061,130152,MIE SUKSES GEPREK,MISC,MISC,PCS,PCS,DOS,"3,800.00","3,700.00","86,000.00"
1062,130153,MIE SUKSES KREMES,MISC,MISC,PCS,PCS,DOS,"3,800.00","3,700.00","86,000.00"
1063,110157,KACANG TANAH 7MM new,MISC,MISC,KG,KG,KG,0,0,0
1064,190178,SOKLIN ROYALE 52ML 1000AN,MISC,MISC,RTG,RTG,DOS,"17,000.00","17,000.00","92,000.00"
1065,110158,KOPI FRESCO CAPPUCINNO,MISC,MISC,RTG,RTG,DOS,"21,000.00","21,000.00","204,000.00"
1066,20086,BENG BENG CHOCOLATOS NEW (ISI 12),MISC,MISC,RTG,RTG,DOS,"22,500.00","22,000.00","255,000.00"
1067,130154,MESES NURI,MISC,MISC,KG,KG,DOS,0,0,"300,000.00"
1068,190179,SABUN ZEN,MISC,MISC,PCS,LSN,DOS,"3,500.00","37,500.00","217,500.00"
1069,110159,KECAP SEDAP 60ML 5+1,MISC,MISC,BKS,IKT,DOS,"2,000.00","9,000.00","63,000.00"
