No,Kode Barang,Nama Barang,Re Order,Kategori,Sub Kategori,Satuan 1,Satuan 2,Satuan 3
1,0,ONGKOS KIRIM,0,MISC,MISC,___,___,___
2,1,_______,0,MISC,MISC,___,___,___
3,2,________,0,MISC,MISC,___,___,___
4,10001,ADEM SARI,0,MINUMAN,MIN,PRES,PRES,DOS
5,10002,AGAR KERETA KENCANA MR,0,JELLY,JELLY,BKS,KTK,DOS
6,10003,AGAR KERETA KENCANA HJ,0,JELLY,JELLY,BKS,KTK,DOS
7,10004,AGAR KERETA KENCANA PTH,0,JELLY,JELLY,BKS,KTK,DOS
8,10005,AGAR KERETA KENCANA CKLT,0,JELLY,JELLY,BKS,KTK,DOS
9,10006,AGAR LOS FUJI,0,BAHAN KUE,BHNK,ONS,KG,KG
10,10007,AGAR SRITI SUPER MR,0,JELLY,JELLY,BKS,KTK,DOS
11,10008,AGAR SRITI SUPER HJ,0,JELLY,JELLY,BKS,KTK,DOS
12,10009,AGAR SRITI SUPER PTH,0,JELLY,JELLY,BKS,KTK,DOS
13,10010,AGAR SRITI SUPER CKLT,0,JELLY,JELLY,BKS,KTK,DOS
14,10011,AGAR SRITI SY MR,0,JELLY,JELLY,BKS,KTK,DOS
15,10012,AGAR SRITI SY HJ,0,JELLY,JELLY,BKS,KTK,DOS
16,10013,AGAR SRITI SY PTH,0,JELLY,JELLY,BKS,KTK,DOS
17,10014,AGAR SRITI SY CKLT,0,JELLY,JELLY,BKS,KTK,DOS
18,10015,AJINO 1/4KG,0,MSG,MSG,BKS,PRES,DOS
19,10016,AJINO 1KG HALUS,0,BUMBU,BUMBU,BKS,BKS,DOS
20,10017,AJINO 50GR,0,MSG,MSG,BKS,PRES,DOS
21,10018,AJINO HIJAU XXXXXXXX,0,MSG,MSG,RTG,PRES,DOS
22,10019,AJINO P 500 XXXXXX,0,MSG,MSG,PRES,PRES,DOS
23,10020,AJINO P1000,0,MSG,MSG,BKS,PRES,DOS
24,10021,ALPINA,0,TEPUNG,TEPUNG,ONS,ONS,KG
25,10022,AMH JAHE SUPER,0,MINUMAN,MIN,RTG,RTG,DOS
26,10023,AQUA 1500ML,0,MINUMAN,MIN,BTL,BTL,DOS
27,10024,AQUA 330ML,0,MINUMAN,MIN,DOS,DOS,DOS
28,10025,AQUA 600ML,0,MINUMAN,MIN,BTL,BTL,DOS
29,10026,AQUA GLS,0,MINUMAN,MIN,DOS,DOS,DOS
30,10027,ARAK MASAK GENTONG,0,BUMBU,BUMBU,BTL,LOS,DOS
31,10028,ATTACK 800GR,0,DETERGEN,DET,BKS,BKS,DOS
32,10029,ATTACK EASY 700GR,0,DETERGEN,DET,BKS,BKS,DOS
33,10030,ATTACK EASY CAIR 42ML,0,DETERGEN,DET,LSN,LSN,DOS
34,10031,ATTACK JAZ1 60GR,0,DETERGEN,DET,RTG,LSN,DOS
35,10032,ATTACK JAZ1 900GR,0,DETERGEN,DET,BKS,BKS,DOS
36,10033,ATTACK SOFT EASY SC 50GR,0,DETERGEN,DET,RTG,LSN,DOS
37,10034,AUTAN SC,0,LOTION,LOT,RTG,PRES,DOS
38,10035,AXXXXXXXX,0,,,KG,KG,KG
39,10036,AXXXXXXXXXXX,0,,,PCS,PRES,DOS
40,10037,AJINO 100gr Rp 5000an,0,,,PCS,PRES,DOS
41,10038,ALAMI,0,,,PRES,PRES,PRES
42,10039,AQUVIVA 250ML,0,,,KRAT,KRAT,KRAT
43,10040,AQUVIVA 700ML,0,,,BTL,BTL,KRAT
44,10041,AQUVIVA 1600ML,0,,,BTL,BTL,KRAT
45,10042,A________,0,,,PCS,PCS,PCS
46,10043,A________,0,,,PCS,PCS,PCS
47,10044,A________,0,,,PCS,PCS,PCS
48,20001,BABY HAPPY M,0,MISC,MISC,RTG,RTG,DOS
49,20002,BABY HAPPY L,0,MISC,MISC,RTG,RTG,DOS
50,20003,BABY HAPPY XL,0,MISC,MISC,RTG,RTG,DOS
51,20005,BAKING POWDER,0,BAHAN KUE,BHNK,ONS,KG,ZAK
52,20006,BAKING POWDER RW,0,BAHAN KUE,BHNK,PRES,PRES,PRES
53,20008,BATERAI ABC K.,0,MISC,MISC,IKT,KTK,DOS
54,20009,BATERAI ABC REMOTE,0,MISC,MISC,PCS,IKT,LSN
55,20010,BATERAI ABC T.,0,MISC,MISC,BIJI,BIJI,IKT
56,20011,BAWANG BOMBAY,0,PALAWIJA,PLWJ,KG,KG,ZAK
57,20012,BAWANG KATING,0,PALAWIJA,PLWJ,ONS,LOS,KG
58,20013,BAYGON BAKAR K,0,MISC,MISC,KTK,KTK,DOS
59,20014,BAYGON BAKAR LAVENDER,0,MISC,MISC,KTK,KTK,DOS
60,20015,BEAR BRAND,0,SUSU,SUSU,KLG,KLG,DOS
61,20016,BENDERA CKLT SC.,0,SUSU,SUSU,PRES,PRES,DOS
62,20017,BENDERA KLG CKLT,0,SUSU,SUSU,KLG,KLG,DOS
63,20018,BENDERA KLG PTH,0,SUSU,SUSU,KLG,KLG,DOS
64,20019,BENDERA PTH SC.,0,SUSU,SUSU,PRES,PRES,DOS
65,20020,BENDERA SKM POUCH 200ML,0,SUSU,SUSU,PCS,PCS,DOS
66,20021,BENDERA SKM POUCH 560ML,0,SUSU,SUSU,PCS,PCS,DOS
67,20022,B CHOCODRINK CHOCOlatos WING 2+1,0,MINUMAN,MIN,RTG,RTG,DOS
68,20023,BENZOAT,0,BAHAN KUE,BHNK,Ons,KG,KG
69,20024,BERAS 10KG BINTANG BIRU,0,BERAS,BERAS,BKS,BKS,BKS
70,20025,BERAS 10KG LAHAP,0,BERAS,BERAS,ZAK,ZAK,ZAK
71,20026,BERAS 10KG MELON SUPER,0,BERAS,BERAS,BKS,BKS,BKS
72,20027,BE XXXXXXXXX,0,BERAS,BERAS,BKS,BKS,BKS
73,20028,BERAS 10 KG LOMBOK,0,BERAS,BERAS,BKS,BKS,BKS
74,20029,BERAS 10 KG ________,0,BERAS,BERAS,BKS,BKS,BKS
75,20030,BERAS 5KG BINTANG BIRU,0,BERAS,BERAS,BKS,LOS,ZAK
76,20031,BERAS 5KG LAHAP,0,BERAS,BERAS,BKS,LOS,BKS
77,20032,BERAS 5KG MELON,0,BERAS,BERAS,BKS,LOS,BKS
78,20033,BERAS 5KG MENTARI,0,BERAS,BERAS,BKS,LOS,BKS
79,20034,BERAS 5KG madinah,0,BERAS,BERAS,BKS,LOS,BKS
80,20035,BERAS 5KG SPHP,0,BERAS,BERAS,BKS,BKS,ZAK
81,20036,BERAS 5KG kecombrang,0,BERAS,BERAS,BKS,BKS,ZAK
82,20037,BERAS 25KG BINTANG BIRU,0,BERAS,BERAS,KG,KG,ZAK
83,20038,BERAS 25KG PAK TANI,0,BERAS,BERAS,ZAK,ZAK,ZAK
84,20039,BERAS JAGUNG,0,PALAWIJA,PLWJ,KG,LOS,ZAK
85,20040,BERAS 25KG KEONG MAS,0,BERAS,BERAS,KG,KG,ZAK
86,20041,BERAS 25KG MANALAGI,0,BERAS,BERAS,KG,KG,ZAK
87,20042,BERAS 25KG MELON SUPER,0,BERAS,BERAS,KG,KG,ZAK
88,20043,BERAS 25KG MENTARI,0,BERAS,BERAS,KG,KG,ZAK
89,20044,BERAS 25KG anak tani,0,BERAS,BERAS,KG,KG,ZAK
90,20045,BERAS 25KG LAHAP,0,BERAS,BERAS,KG,KG,ZAK
91,20046,BERAS 25KG kecombrang,0,BERAS,BERAS,KG,KG,ZAK
92,20047,BERAS 25KG ________,0,BERAS,BERAS,KG,KG,ZAK
93,20048,BIHUN JAGUNG PADAMU KN.,0,MIHUN,MIHUN,BKS,LOS,BAL
94,20049,BIHUN JAGUNG PADAMU MR,0,MIHUN,MIHUN,BKS,LOS,BAL
95,20050,BIHUN JAGUNG PADAMU OR.,0,MIHUN,MIHUN,BKS,RTG,BAL
96,20051,BIO 200GR,0,MSG,MSG,BKS,PRES,DOS
97,20052,xxx BIO 40GR,0,MSG,MSG,BKS,PRES,DOS
98,20053,BIO P1000,0,MSG,MSG,BKS,PRES,DOS
99,20054,BI XXXXXXXXX,0,MSG,MSG,RTG,PRES,DOS
100,20055,BON CABE LV 15 / 30,0,POWDER,PWDR,RTG,PRES,DOS
101,20056,BOOM DETERGEN 430GR,0,DETERGEN,DET,BKS,BKS,DOS
102,20057,BOTOL B,0,BTL,BTL,BTL,BTL,BTL
103,20058,BOTOL K,0,BTL,BTL,BTL,BTL,BTL
104,20059,BUBUR NESTLE CERELAC MR,0,CEREAL,CEREAL,RTG,RTG,DOS
105,20060,BUBUR NESTLE CERELAC HJ,0,CEREAL,CEREAL,RTG,RTG,DOS
106,20061,BUMBU RACIK TEMPE,0,BUMBU,BUMBU,RTG,LOS,DOS
107,20062,BUMBU RACIK SOP,0,BUMBU,BUMBU,RTG,LOS,DOS
108,20063,BUMBU RACIK ASEM,0,BUMBU,BUMBU,RTG,LOS,DOS
109,20064,BUMBU RACIK AYAM,0,BUMBU,BUMBU,RTG,LOS,DOS
110,20065,BUMBU RACIK IKAN,0,BUMBU,BUMBU,RTG,LOS,DOS
111,20066,BUMBU RACIK NASI GORENG,0,BUMBU,BUMBU,RTG,LOS,DOS
112,20067,xxx BIO PLUS 230ML,0,,,BKS,BKS,DOS
113,20068,xxx BIO PLUS 780ML,0,,,BKS,BKS,DOS
114,20069,Bubur Sun Merah,0,,,RTG,RTG,DOS
115,20070,BAWANG SICO,0,,,ONS,LOS,KG
116,20071,BRAMBANG PROB,0,,,KG,KG,KG
117,20072,BAWANG GORENG BJ 50gr,0,,,PCS,PRES,DOS
118,20073,BAWANG GORENG BJ 100GR,0,,,PCS,PRES,DOS
119,20074,BIO P500 BARU,0,,,RTG,PRES,DOS
120,20075,BERAS 25KG LOMBOK,0,,,KG,KG,ZAK
121,20076,BIHUN SAWI 1/4an,0,,,PCS,PCS,BAL
122,20077,BERAS 5KG LOMBOK,0,,,BKS,BKS,BKS
123,20078,Bubur Sun Hijau,0,,,RTG,RTG,DOS
124,20079,BERAS 10KG MENTARI,0,,,BKS,BKS,BKS
125,20080,BERAS MELON 3KG,0,,,BKS,BKS,BKS
126,20081,BERAS 5KG MANALAGI,0,,,BKS,BKS,BKS
127,20082,B________,0,,,PCS,PCS,PCS
128,20083,B________,0,,,PCS,PCS,PCS
129,20084,B________,0,,,PCS,PCS,PCS
130,20085,B________,0,,,PCS,PCS,PCS
131,30001,CARNATION MILK B,0,MILK,MILK,KLG,LOS,DOS
132,30002,CHARM ISI 1,0,PEMBALUT,PMBLT,RTG,RTG,DOS
133,30003,CHARM ISI 8,0,PEMBALUT,PMBLT,BKS,IKT,DOS
134,30004,CHARM MALAM ISI 2,0,PEMBALUT,PMBLT,RTG,RTG,DOS
135,30005,CHARM WING ISI 2,0,PEMBALUT,PMBLT,RTG,RTG,DOS
136,30006,CHEER / CLUB 600ML,0,MINUMAN,MIN,DOS,DOS,DOS
137,30007,CHEER / CLUB GLS,0,MINUMAN,MIN,DOS,DOS,DOS
138,30008,CHEER 1500ML,0,MINUMAN,MIN,DOS,DOS,DOS
139,30009,CHOCOLATOS Coklat,0,BUBUK,BUBUK,RTG,RTG,DOS
140,30010,CIPTADENT 195GR,0,PASTA GIGI,PSTG,KTK,LSN,DOS
141,30011,CIPTADENT 75GR ZONKKKK,0,PASTA GIGI,PSTG,KTK,LSN,DOS
142,30012,CITRUN GAJAH 50GR,0,CITRUN,CITRUN,RTG,PRES,DOS
143,30013,CLING PEMBERSIH KACA 425ML,0,SABUN CAIR,SBNCR,BKS,BKS,DOS
144,30014,CLOSEUP GREEN 110GR,0,PASTA GIGI,PSTG,KTK,LSN,DOS
145,30015,CLOSEUP GREEN 160GR,0,PASTA GIGI,PSTG,KTK,LSN,DOS
146,30016,CLOSEUP GREEN 65GR,0,PASTA GIGI,PSTG,KTK,LSN,DOS
147,30017,COCO MAXI,0,BUBUK,BUBUK,RTG,RTG,DOS
148,30018,CONDITIONER PANTENE SC,0,SHAMPOO,SHMP,RTG,RTG,DOS
149,30019,CUKA SUKA SARI,0,CUKA,CUKA,PAK,LSN,DOS
150,30020,CHRYSANTEMUM TEA DALI CHC,0,MINUMAN,MIN,KTK,KTK,DOS
151,30021,CABE BUBUK SPC,0,,,KG,KG,KG
152,30022,CUKA KKK Btl,0,,,BTL,BTL,DOS
153,30023,CENGKEH SUPER,0,,,KG,KG,KG
154,30024,CHOCOLATOS MATCHA,0,,,RTG,RTG,DOS
155,30025,CLEO Btl Mini,0,,,KRAT,KRAT,KRAT
156,30026,CHAMPION,0,,,RTG,RTG,DOS
157,30027,CIPTADENT 75GR 5+1,0,,,PCS,IKT,DOS
158,30028,C_______,0,,,PCS,PCS,PCS
159,30029,C________,0,,,PCS,PCS,PCS
160,30030,C________,0,,,PCS,PCS,PCS
161,30031,C________,0,,,PCS,PCS,PCS
162,30032,C________,0,,,PCS,PCS,PCS
163,30033,C________,0,,,PCS,PCS,PCS
164,30034,C________,0,,,PCS,PCS,PCS
165,30035,C________,0,,,PCS,PCS,PCS
166,30036,C________,0,,,PCS,PCS,PCS
167,30037,C________,0,,,PCS,PCS,PCS
168,30038,C________,0,,,PCS,PCS,PCS
169,40001,DAIA 380GR,0,DETERGEN,DET,BKS,LOS,DOS
170,40002,DAIA 800GR,0,DETERGEN,DET,BKS,LOS,DOS
171,40003,DAIA PK SC,0,DETERGEN,DET,LSN,LSN,DOS
172,40004,DANCOW CKLT SC 40GR,0,SUSU,SUSU,RTG,RTG,DOS
173,40005,DANCOW INS SC 27GR,0,SUSU,SUSU,RTG,RTG,DOS
174,40006,DARA BAKSO,0,MIE,MIE,BAL,BAL,BAL
175,40007,DESAKU TUMBAR P1000,0,BUMBU,BUMBU,RTG,PRES,DOS
176,40008,DOWNY 1000an,0,SABUN,SBN,LSN,LSN,DOS
177,40009,DOWNY 500an,0,SABUN,SBN,LSN,LSN,DOS
178,40010,DAIA / SOKLIN 555GR 10k,0,,,BKS,BKS,DOS
179,40011,DESAKU MARINASI,0,,,RTG,LOS,DOS
180,40012,DETERGEN BOOM CINTA / SAYANG 260GR 2+1,0,,,PCS,IKT,DOS
181,40013,DESAKU BAWANG PUTIH BUBUK SC,0,,,RTG,PRES,DOS
182,40014,DESAKU CABE BUBUK SC,0,,,RTG,RTG,DOS
183,40015,XXXXXX DESAKU TUMBAR P1000 BARU isi 36,0,,,RTG,PRES,DOS
184,40016,D_______,0,,,PCS,PCS,PCS
185,40017,D_______,0,,,PCS,PCS,PCS
186,40018,D_______,0,,,PCS,PCS,PCS
187,40019,D_______,0,,,PCS,PCS,PCS
188,40020,D_______,0,,,PCS,PCS,PCS
189,40021,D_______,0,,,PCS,PCS,PCS
190,40022,D_______,0,,,PCS,PCS,PCS
191,40023,D_______,0,,,PCS,PCS,PCS
192,40024,D_______,0,,,PCS,PCS,PCS
193,40025,D_______,0,,,PCS,PCS,PCS
194,40026,D_______,0,,,PCS,PCS,PCS
195,40027,D_______,0,,,PCS,PCS,PCS
196,40028,D_______,0,,,PCS,PCS,PCS
197,40029,D_______,0,,,PCS,PCS,PCS
198,50001,EDEL CREOLINE 1L,0,SABUN CAIR,SBNCR,KLG,KLG,DOS
199,50002,ENAK MILK C,0,MILK,MILK,KLG,KLG,DOS
200,50003,ENAK MILK P,0,MILK,MILK,KLG,KLG,DOS
201,50004,ENERGEN CEREAL Coklat,0,CEREAL,CEREAL,RTG,LOS,DOS
202,50005,ENERGEN CEREAL Vanilla,0,CEREAL,CEREAL,RTG,LOS,DOS
203,50006,ENERGEN CEREAL Kacang Hijau,0,CEREAL,CEREAL,RTG,LOS,DOS
204,50007,ENERGEN CEREAL Jahe XXXX,0,CEREAL,CEREAL,RTG,LOS,DOS
205,50008,ENERGEN CEREAL Kurma,0,CEREAL,CEREAL,RTG,RTG,DOS
206,50009,EXTRA JOSS,0,MINUMAN,MIN,KTK,PRES,DOS
207,50010,EDEL ABU GOSOK 250Gr,0,,,PCS,LOS,BAL
208,50011,EKONOMI PENCUCI 235ML,0,,,PCS,LOS,DOS
209,50012,E________,0,,,PCS,PCS,PCS
210,50013,E________,0,,,PCS,PCS,PCS
211,50014,E________,0,,,PCS,PCS,PCS
212,60001,FLORIDINA,0,MINUMAN,MIN,BTL,BTL,DOS
213,60002,FRAMBOZEN LAYAR,0,BAHAN KUE,BHNK,BTL,IKT,LSN
214,60003,FRAMBOZEN LONCENG,0,BAHAN KUE,BHNK,BTL,BTL,LSN
215,60004,F________,0,,,PCS,PCS,PCS
216,60005,F________,0,,,PCS,PCS,PCS
217,60006,F________,0,,,PCS,PCS,PCS
218,60007,F________,0,,,PCS,PCS,PCS
219,60008,F________,0,,,PCS,PCS,PCS
220,70001,GARAM GRASAK,0,GARAM,GRM,PRES,PRES,PRES
221,70002,GARAM GRASAK LOS,0,GARAM,GRM,KG,LOS,KG
222,70003,GARAM KAPAL 250 GR,0,GARAM,GRM,BKS,LOS,BAL
223,70004,GARAM Kotak cap Anak,0,GARAM,GRM,PRES,PRES,PRES
224,70005,GERIT,0,MISC,MISC,PCS,PCS,PRES
225,70006,GLICO 1K WAKU CKLT/STR 35ML,0,ES,ES,PCS,PCS,PCS
226,70007,GLICO 2K WAKU CKLT 50ML,0,ES,ES,PCS,PCS,DUS
227,70008,GLICO 3K JCONE JUNIOR 40ML,0,ES,ES,PCS,PCS,PCS
228,70009,GLICO 3K Mochi,0,ES,ES,PCS,PCS,PCS
229,70010,GLICO 3K WAKU CKLT 60ML,0,ES,ES,PCS,PCS,PCS
230,70011,GLICO 4K FROSTBITE CUP 90ML,0,ES,ES,PCS,PCS,PCS
231,70012,GLICO 4K FROSTBITE PARI 60ML,0,ES,ES,PCS,PCS,PCS
232,70013,GLICO 5K FROSTBITE VANILA 65ML,0,ES,ES,PCS,PCS,PCS
233,70014,GLICO 5K HAKU MONAKA,0,ES,ES,PCS,PCS,PCS
234,70015,GLICO 5K JCONE PARI 120ML,0,ES,ES,PCS,PCS,PCS
235,70016,GLICO 5K WAKU Ikan,0,ES,ES,PCS,PCS,PCS
236,70017,GOLDA,0,MINUMAN,MIN,BTL,BTL,DOS
237,70018,GOLOK SOHUN BESAR,0,BIHUN,BIHUN,BKS,LOS,ZAK
238,127000,GOLOK SOHUN KECIL,0,BIHUN,BIHUN,PRES,PRES,IKT
239,70020,GOOD DAY CAPPUCINO,0,KOPI,KOPI,RTG,LOS,DOS
240,70021,G 1 xxxx,0,KOPI,KOPI,RTG,PRES,DOS
241,70022,G xxxx,0,KOPI,KOPI,RTG,PRES,DOS
242,70023,G xxxx,0,KOPI,KOPI,RTG,PRES,DOS
243,70024,G xxx,0,KOPI,KOPI,RTG,PRES,DOS
244,70025,GULA DONAT,0,GULA,GULA,KG,KG,ZAK
245,70026,GULA HALUS ROSE / Legi,0,GULA,GULA,BKS,LOS,BAL
246,70027,GULA KBA,0,GULA,GULA,KG,KG,ZAK
247,70028,GULA KBB,0,GULA,GULA,KG,KG,ZAK
248,70029,GULA RMI biru,0,GULA,GULA,KG,KG,ZAK
249,70030,GULA MERAH,0,GULA,GULA,ONS,KG,BAL
250,70031,GULA MERAH SUPER,0,GULA,GULA,KG,KG,BAL
251,70032,GULA PALM SUGAR,0,GULA,GULA,ONS,KG,DOS
252,70033,GULA PASIR 1 KG,0,GULA,GULA,KG,KG,KG
253,70034,GULA PASIR LOS,0,GULA,GULA,KG,KG,KG
254,70035,GULA ROSE 1 KG,0,GULA,GULA,KG,KG,DOS
255,70036,GULAKU 1KG,0,GULA,GULA,BKS,BKS,DOS
256,70037,GULA CAIR JURIGEN,0,GULA,GULA,JRG,JRG,JRG
257,70038,GULA KBA KEMASAN 1KG,0,,,KG,LOS,DOS
258,70039,GOOD DAY Mr ,0,,,RTG,LOS,DOS
259,70040,GARAM Kotak Bata,0,,,PCS,PCS,PCS
260,70041,GULA MERAH SUPER PASIRIAN,0,,,KG,KG,BAL
261,70042,GOOD DAY Cklt,0,,,RTG,LOS,DOS
262,70043,GOOD DAY Br,0,,,RTG,LOS,DOS
263,70044,GOOD DAY LATTE ORI / BUTTER,0,,,RTG,RTG,DOS
264,70045,G________,0,,,PCS,PCS,PCS
265,70046,G________,0,,,PCS,PCS,PCS
266,80001,HAND BODY SIDIA,0,LOTION,LOT,PRES,LSN,DOS
267,80002,HANSAPLAST ISI 100,0,MISC,MISC,KTK,KTK,DOS
268,80003,HERS,0,PEMBALUT,PMBLT,BKS,BKS,DOS
269,80004,HAPPILY L,0,,,RTG,RTG,DOS
270,80005,HAPPILY M,0,,,RTG,RTG,DOS
271,80006,HAPPILY XL,0,,,RTG,RTG,DOS
272,80007,H________,0,,,PCS,PCS,PCS
273,80008,H________,0,,,PCS,PCS,PCS
274,80009,H________,0,,,PCS,PCS,PCS
275,80010,H________,0,,,PCS,PCS,PCS
276,80011,H________,0,,,PCS,PCS,PCS
277,80012,H________,0,,,PCS,PCS,PCS
278,80013,H________,0,,,PCS,PCS,PCS
279,90001,INDOMILK CKLT KLG,0,MILK,MILK,KLG,KLG,DOS
280,90002,INDOMILK CKLT SC,0,MILK,MILK,PRES,PRES,DOS
281,90003,INDOMILK PTH KLG,0,MILK,MILK,KLG,KLG,DOS
282,90004,INDOMILK PTH SC,0,MILK,MILK,PRES,PRES,DOS
283,90005,ISOPLUS,0,MINUMAN,MIN,DOS,DOS,DOS
284,90006,I________,0,KOPI,KOPI,PCS,PCS,PCS
285,90007,I________,0,KOPI,KOPI,PCS,PCS,PCS
286,90008,I________,0,KOPI,KOPI,PCS,PCS,PCS
287,90009,I________,0,KOPI,KOPI,PCS,PCS,PCS
288,90010,I________,0,KOPI,KOPI,PCS,PCS,PCS
289,90011,I________,0,KOPI,KOPI,PCS,PCS,PCS
290,90012,I________,0,KOPI,KOPI,PCS,PCS,PCS
291,90013,I________,0,KOPI,KOPI,PCS,PCS,PCS
292,90014,I________,0,KOPI,KOPI,PCS,PCS,PCS
293,90015,I________,0,KOPI,KOPI,PCS,PCS,PCS
294,100001,JAGUNG,0,PALAWIJA,PLWJ,KG,LOS,ZAK
295,100002,JELLY LOS SAKURA,0,BAHAN KUE,BHNK,ONS,ONS,KG
296,100003,JURIGEN KOSONG,0,MISC,MISC,JRG,JRG,JRG
297,100004,JAMUR KUPING SU,0,MISC,MISC,PCS,PCS,PCS
298,100005,JINTEN PUTIH,0,,,ONS,KG,KG
299,100006,J________,0,,,PCS,PCS,PCS
300,100007,J________,0,,,PCS,PCS,PCS
301,100008,J________,0,,,PCS,PCS,PCS
302,100009,J________,0,,,PCS,PCS,PCS
303,100010,J________,0,,,PCS,PCS,PCS
304,100011,J________,0,,,PCS,PCS,PCS
305,100012,J________,0,,,PCS,PCS,PCS
306,100013,J________,0,,,PCS,PCS,PCS
307,110001,KACANG HIJAU BUTEK,0,PALAWIJA,PLWJ,KG,LOS,ZAK
308,110002,KACANG HIJAU KUPAS GIOK,0,PALAWIJA,PLWJ,KG,LOS,ZAK
309,110003,KACANG RRC KUPAS,0,PALAWIJA,PLWJ,KG,BAL,DOS
310,110004,Kxxxxxxxxxx,0,PALAWIJA,PLWJ,KG,KG,KG
311,110005,KACANG TANAH 8MM,0,PALAWIJA,PLWJ,KG,KG,KG
312,110006,KANJI B 400gr,0,TEPUNG,TEPUNG,BKS,BKS,BAL
313,110007,KANJI B 200gr,0,TEPUNG,TEPUNG,BKS,BKS,BAL
314,110008,KANJI GAJAH LAUT 10KG,0,MISC,MISC,BKS,BKS,BAL
315,110009,KANJI GUNUNG DUS,0,TEPUNG,TEPUNG,BKS,BKS,DOS
316,110010,KANJI K 150 GR,0,TEPUNG,TEPUNG,BKS,BKS,BAL
317,110011,KANJI K MINI 1500an,0,TEPUNG,TEPUNG,BAL,BAL,BAL
318,110012,KANJI MAWAR,0,TEPUNG,TEPUNG,KG,LOS,ZAK
319,110013,KANJI PANDA,0,TEPUNG,TEPUNG,KG,LOS,ZAK
320,110014,KANJI TERONG,0,TEPUNG,TEPUNG,KG,LOS,ZAK
321,110015,KANJI TANI LTK 1KG,0,KANJI,KANJI,BKS,BKS,DOS
322,110016,KOPI KAPAL API FRESCO SUSU,0,KOPI,KOPI,RTG,RTG,DOS
323,110017,KARA BUBUK,0,FOOD,FOOD,RTG,RTG,DOS
324,110018,KARET PIALA / 999,0,MISC,MISC,BKS,BKS,KG
325,110019,KECAP 2 IKAN B,0,KECAP,KECAP,ISI,BTL,PETI
326,110020,KECAP 2 IKAN K,0,KECAP,KECAP,ISI,BTL,PETI
327,110021,KECAP ABC ASIN BTL 620ML,0,KECAP,KECAP,ISI,BTL,DOS
328,110022,KECAP ABC ASIN MJ 135ML,0,KECAP,KECAP,BTL,LOS,DOS
329,110023,KECAP ABC MANIS 6 KG JURIGEN,0,KECAP,KECAP,JRG,,
330,110024,KECAP ABC MANIS MJ 135ML,0,KECAP,KECAP,BTL,LOS,DOS
331,110025,KECAP ABC MANIS RV 225ML,0,KECAP,KECAP,BKS,BKS,DOS
332,110026,KECAP ABC MANIS RV 520ML,0,KECAP,KECAP,BKS,LOS,DOS
333,110027,KECAP ABC MANIS RV 60ML,0,KECAP,KECAP,BKS,BKS,DOS
334,110028,KECAP ABC MANIS SC 500 NEW,0,KECAP,KECAP,PRES,PRES,DOS
335,110029,KECAP ABC MANIS TG 275ML,0,KECAP,KECAP,BTL,BTL,DOS
336,110030,KECAP ASIN 150,0,KECAP,KECAP,BTL,BTL,DOS
337,110031,KECAP ASIN 250,0,KECAP,KECAP,BTL,BTL,LSN
338,110032,KECAP BADER B,0,KECAP,KECAP,BTL,LOS,DOS
339,110033,KECAP BADER K,0,KECAP,KECAP,ISI,BTL,PETI
340,110034,KECAP BANGO RV 200ML,0,KECAP,KECAP,BKS,LOS,DOS
341,110035,KECAP BANGO RV 550 ML / 700g,0,KECAP,KECAP,BKS,LOS,DOS
342,110036,KECAP BANGO RV 60ML,0,KECAP,KECAP,BKS,BKS,DOS
343,110037,KECAP BANGO SC 20 ML,0,KECAP,KECAP,RTG,RTG,DOS
344,110038,KECAP IKAN ILU NC,0,KECAP,KECAP,BTL,BTL,BTL
345,110039,KECAP KKK RAJA RASA B,0,KECAP,KECAP,BTL,BTL,DOS
346,110040,KECAP KKK RAJA RASA K,0,KECAP,KECAP,BTL,BTL,DOS
347,110041,KECAP KKK RAJA RASA T,0,KECAP,KECAP,BTL,BTL,DOS
348,110042,KECAP SAWI B,0,KECAP,KECAP,ISI,BTL,DOS
349,110043,KECAP SEDAP BTL,0,KECAP,KECAP,BTL,BTL,DOS
350,110044,KECAP SEDAP HIJAU 600ML,0,KECAP,KECAP,BKS,BKS,DOS
351,110045,KECAP SEDAP MJ 140ML,0,KECAP,KECAP,BTL,BTL,DOS
352,110046,KECAP SEDAP RV 225ML,0,KECAP,KECAP,BKS,LOS,DOS
353,110047,KECAP SEDAP RV 550 ML,0,KECAP,KECAP,BKS,LOS,DOS
354,110048,KECAP SEDAP RV 63ML,0,KECAP,KECAP,BKS,BKS,DOS
355,110049,KECAP SEDAP SC 500-AN,0,FOOD,FOOD,PRES,PRES,DOS
356,110050,KEDELE,0,PALAWIJA,PLWJ,KG,KG,KG
357,110051,KEDELE KUPAS,0,PALAWIJA,PLWJ,KG,KG,ZAK
358,110052,KEJU KRAFT 2KG,0,MISC,MISC,BOX,BOX,BOX
359,110053,KETAN HITAM,0,PALAWIJA,PLWJ,KG,LOS,ZAK
360,110054,KETAN SUPER Rajawali poles,0,PALAWIJA,PLWJ,KG,KG,ZAK
361,110055,KETAN SIEM SINTA,0,PALAWIJA,PLWJ,KG,LOS,ZAK
362,110056,KETAN VIET SUPER GSK,0,PALAWIJA,PLWJ,KG,LOS,ZAK
363,110057,KHONG GUAN,0,KUE,KUE,KTK,KTK,DOS
364,110058,KERTAS BUNGKUS GAJAH MR,0,MISC,MISC,PRES,IKT,ZAK
365,110059,KERTAS MERANG,0,MISC,MISC,IKT,IKT,IKT
366,110060,KISPRAY 300ML,0,SABUN CAIR,SBNCR,BKS,LOS,DOS
367,110061,KISPRAY SC,0,SABUN CAIR,SBNCR,RTG,IKT,PRES
368,110062,KIWI PASTA 45ML,0,MISC,MISC,PCS,KTK,DOS
369,110063,KODOMO ODOL,0,PASTA GIGI,PSTG,KTK,KTK,LSN
370,110064,KERTAS BUNGKUS GAJAH BR,0,,,PRES,IKT,ZAK
371,110065,K________,0,,,PCS,PCS,PCS
372,110066,KOPI,0,PALAWIJA,PLWJ,KG,KG,KG
373,110067,KOPI ABC SUSU,0,KOPI,KOPI,RTG,RTG,DOS
374,110068,KOPI ABC WHITE 5+1,0,KOPI,KOPI,RTG,RTG,DOS
375,110069,KOPI JAxxxxxxx,0,KOPI,KOPI,RTG,RTG,IKT
376,110070,KOPI KAPAL API GRANDE WHITE,0,KOPI,KOPI,RTG,RTG,DOS
377,110071,KOPI KAPAL API MANTAP,0,KOPI,KOPI,RTG,RTG,DOS
378,110072,KOPI KAPAL API xxxxxxx MUTU KHUSUS 65gr,0,KOPI,KOPI,RTG,RTG,DOS
379,110073,KOPI KAPAL API SPC 150GR,0,KOPI,KOPI,BKS,LOS,DOS
380,110074,KOPI KAPAL API SPC 30GR,0,KOPI,KOPI,RTG,RTG,DOS
381,110075,KOPI KAPAL API SPC 350 GR,0,KOPI,KOPI,BKS,BKS,DOS
382,110076,KOPI KAPAL API SPC 60GR,0,KOPI,KOPI,RTG,RTG,DOS
383,110077,KOPI KAPAL API SPC mini 6GR,0,KOPI,KOPI,RTG,LOS,DOS
384,110078,KOPI KAPAL API SPECIAL MIX,0,KOPI,KOPI,RTG,RTG,DOS
385,110079,KOPI KAPAL API SUSU,0,KOPI,KOPI,RTG,RTG,DOS
386,110080,KOPI TORABIKA CAPU,0,KOPI,KOPI,RTG,LOS,DOS
387,110081,KOPI TORABIKA CREAMY,0,KOPI,KOPI,RTG,RTG,DOS
388,110082,KOPI TORABIKA DUO,0,KOPI,KOPI,RTG,RTG,DOS
389,110083,KOPI TORABIKA JAHE,0,KOPI,KOPI,RTG,RTG,DOS
390,110084,KOPI TORABIKA MOKA,0,KOPI,KOPI,RTG,RTG,DOS
391,110085,KOPI TORABIKA SUSU,0,KOPI,KOPI,RTG,RTG,DOS
392,110086,KOPI TORABIKA CAFE MR / CAPP,0,KOPI,KOPI,RTG,RTG,DOS
393,110087,KOPI YA SP,0,KOPI,KOPI,RTG,RTG,DOS
394,110088,KOPI YA SUSU,0,KOPI,KOPI,RTG,RTG,DOS
395,110089,KRESEK 01*15 CJDW xxxx,0,KRESEK,KRESEK,BKS,BKS,IKT
396,110090,KRESEK 02*15 CJDW kecil,0,KRESEK,KRESEK,BKS,BKS,IKT
397,110091,KRESEK 02*21 xxxx,0,MISC,MISC,BKS,BKS,IKT
398,110092,KRESEK 02*24 CJDW 3kg,0,KRESEK,KRESEK,BKS,BKS,IKT
399,110093,KRESEK 02* xxxx,0,KRESEK,KRESEK,BKS,BKS,IKT
400,110094,KRESEK 02*28 CJDW xxxx,0,KRESEK,KRESEK,BKS,BKS,IKT
401,110095,KRESEK 03*28 CJWD 5kg,0,KRESEK,KRESEK,BKS,BKS,IKT
402,110096,KRESEK 03*35 CJDW xxxx,0,KRESEK,KRESEK,BKS,BKS,IKT
403,110097,KRESEK 04*40 CJDW besar,0,KRESEK,KRESEK,BKS,BKS,IKT
404,110098,KRESEK 04*40 MR CJDW besar,0,KRESEK,KRESEK,BKS,BKS,IKT
405,110099,KRUPUK PESTA,0,MISC,MISC,BAL,BAL,BAL
406,110100,KRUPUK TAHU UNYIL / DACIL,0,MISC,MISC,BAL,BAL,BAL
407,110101,KRUPUK UDANG Kelapa Gading Bungkus,0,KRUPUK,KRP,KG,KG,BAL
408,110102,KUKU BIMA,0,MISC,MISC,KTK,PRES,DOS
409,110103,KUXXXXXX,0,BUMBU,BUMBU,RTG,PRES,DOS
410,110104,KOPI NONGKRONG CUP,0,MINUMAN,MIN,DOS,DOS,DOS
411,110105,KXXX ANGGUR XXXX,0,JELLY,JELLY,PCS,KTK,DOS
412,110106,KXXX KELAPA XXXX,0,JELLY,JELLY,PCS,KTK,DOS
413,110107,KXXX LECI XXXX,0,JELLY,JELLY,PCS,KTK,DOS
414,110108,KXXX JERUK XXXX,0,JELLY,JELLY,PCS,KTK,DOS
415,110109,KXXX JAMBU XXXX,0,JELLY,JELLY,PCS,KTK,DOS
416,110110,KXXX MANGGA XXXX,0,JELLY,JELLY,PCS,KTK,DOS
417,110111,KXXX MELON XXXX,0,JELLY,JELLY,PCS,KTK,DOS
418,110112,KXXX STRAWBERRY XXXX,0,JELLY,JELLY,PCS,KTK,DOS
419,110113,KXXX SIRSAK XXXX,0,JELLY,JELLY,PCS,KTK,DOS
420,110114,KXXX COKLAT XXXX,0,JELLY,JELLY,PCS,KTK,DOS
421,110115,KECAP SEDAP HIJAU 60ML,0,,,BKS,BKS,DOS
422,110116,KANJI TANI KUNING 500gr,0,,,BKS,BKS,DOS
423,110117,KECAP SEDAP HIJAU SC 1000AN,0,,,RTG,RTG,DOS
424,110118,KECAP DELMIN K,0,,,ISI,ISI,BTL
425,110119,KECAP DELMIN B,0,,,ISI,ISI,BTL
426,110120,KECAP ASIN 350,0,,,BTL,BTL,DOS
427,110121,KOPI JALAK RENTENG 11GR,0,,,RTG,RTG,DOS
428,110122,KAXXXXXXXX,0,PALAWIJA,PLWJ,KG,KG,KG
429,110123,KOPI PIKOPI AREN,0,,,RTG,RTG,DOS
430,110124,KEJU WIN Cheese 2KG,0,,,SLOP,SLOP,DUS
431,110125,KOPI XXXX,0,,,RTG,RTG,DOS
432,110126,KOPI YA SP 120gr + gelas,0,,,BKS,LOS,DOS
433,110127,Kecap Sawi Rv k,0,,,PCS,PCS,DOS
434,110128,KECAP SAWI SC 1000an,0,,,RTG,RTG,DOS
435,120001,LADAKU 1000AN,0,BUMBU,BUMBU,RTG,PRES,DOS
436,120002,LAKBAN BESAR,0,MISC,MISC,PCS,PCS,PCS
437,120003,LAURIER MAXI ISI 8,0,PEMBALUT,PMBLT,BKS,IKT,DOS
438,120004,LAURIER SLIM RTG,0,PEMBALUT,PMBLT,RTG,RTG,DOS
439,120005,LIFREE POPOK L,0,MISC,MISC,RTG,RTG,DOS
440,120006,LIFREE POPOK M,0,MISC,MISC,RTG,RTG,DOS
441,120007,LIFREE POPOK XL,0,MISC,MISC,RTG,RTG,DOS
442,120008,LILIN POPULAR,0,MISC,MISC,PAK,LOS,DOS
443,120009,LUW AK xxxx ,0,KOPI,KOPI,RTG,RTG,DOS
444,120010,LKK BLACK PEPPER 230Gr,0,,,PCS,PCS,PCS
445,120011,LKK SAOS TIRAM 770Gr,0,,,PCS,PCS,DOS
446,120012,LUWAK WHITE ISI 12,0,,,RTG,RTG,DOS
447,120013,LUWAK MINI,0,,,RTG,RTG,DOS
448,120014,L________,0,,,PCS,PCS,PCS
449,120015,L________,0,,,PCS,PCS,PCS
450,120016,L________,0,,,PCS,PCS,PCS
451,120017,L________,0,,,PCS,PCS,PCS
452,120018,L________,0,,,PCS,PCS,PCS
453,120019,L________,0,,,PCS,PCS,PCS
454,130001,MADURASA,0,MINUMAN,MIN,KTK,KTK,DOS
455,130002,MAGIC LEZAT 10+1,0,BUMBU,BUMBU,RTG,LBR,DOS
456,130003,MAIZENA KTK HAWAI,0,TEPUNG,TEPUNG,KTK,KTK,DOS
457,130004,MAIZENA LOS,0,TEPUNG,TEPUNG,KG,LOS,ZAK
458,130005,MAMA KUAH BAKSO,0,BUMBU,BUMBU,RTG,PRES,DOS
459,130006,MAMA KUAH SOP,0,BUMBU,BUMBU,RTG,PRES,DOS
460,130007,MAMA LEMON RF 115ML,0,SABUN CAIR,SBNCR,BKS,LOS,DOS
461,130008,MAMA LEMON RF80ML,0,SABUN CAIR,SBNCR,BKS,LOS,DOS
462,130009,MAMA LEMON RV 800ML,0,SABUN CAIR,SBNCR,BKS,LOS,DOS
463,130010,MAMA xxxxxx,0,TEPUNG,TEPUNG,PRES,PRES,DOS
464,130011,MAMA TEPUNG BAKSO,0,TEPUNG,TEPUNG,RTG,RTG,DOS
465,130012,MAMY POKO M,0,PEMBALUT,PMBLT,RTG,RTG,DOS
466,130013,MAMY POKO L,0,PEMBALUT,PMBLT,RTG,RTG,DOS
467,130014,MAMY POKO S,0,PEMBALUT,PMBLT,RTG,RTG,DOS
468,130015,MAMY POKO XL,0,PEMBALUT,PMBLT,RTG,RTG,DOS
469,130016,MARJAN SIRUP,0,MINUMAN,MIN,BTL,BTL,DOS
470,130017,MASAKO 250GR,0,BUMBU,BUMBU,BKS,LOS,DOS
471,130018,MASAKO B. P500 AYM,0,MSG,MSG,RTG,LBR,DOS
472,130019,MASAKO B. P500 SP,0,MSG,MSG,RTG,LBR,DOS
473,130020,MERICA BUBUK SPC,0,PALAWIJA,PLWJ,ONS,KG,KG
474,130021,MERICA BUNDAR,0,PALAWIJA,PLWJ,ONS,KG,KG
475,130022,MERICA PELANGI,0,BUMBU,BUMBU,BKS,PRES,BAL
476,130023,MESES B9,0,BAHAN KUE,BHNK,ONS,KG,DOS
477,130024,MICIN LOS,0,PALAWIJA,PLWJ,ONS,KG,ZAK
478,130025,MIE DARA KERITING,0,MIE,MIE,BKS,BKS,DOS
479,130026,MIE DARA LEBAR,0,MIE,MIE,BAL,BAL,BAL
480,130027,MIE DARA PIPIH,0,MIE,MIE,BKS,BKS,DOS
481,130028,MIE GELUNG JANTAYU,0,MIE,MIE,PRES,PRES,PRES
482,130029,MIE INDOMIE AYM BWG,0,MIE,MIE,BKS,LOS,DOS
483,130030,MIE INDOMIE AYM SP,0,MIE,MIE,BKS,LOS,DOS
484,130031,MIE INDOMIE GR,0,MIE,MIE,BKS,LOS,DOS
485,130032,MIE INDOMIE KARE,0,MIE,MIE,BKS,LOS,DOS
486,130033,MIE INDOMIE KRIUK / ACEH / Geprek,0,MIE,MIE,BKS,LOS,DOS
487,130034,MIE INDOMIE RENDANG,0,MINYAK,MYK,BKS,LOS,DOS
488,130035,MIE INDOMIE SOTO/RAWON,0,MIE,MIE,BKS,LOS,DOS
489,130036,MIE INDOMIE SOTO SP,0,MIE,MIE,BKS,LOS,DOS
490,130037,MIE INDOMIE ST LMG / BLD,0,MIE,MIE,BKS,LOS,DOS
491,130038,MIE INTERMIE INDOMIE,0,MIE,MIE,BKS,LOS,DOS
492,130039,MIE xxxxxxxxxxxxxxxx JANTAYU 1KG ISI 10,0,MIE,MIE,PRES,PRES,PRES
493,130040,MIE JANTAYU GP,0,MIE,MIE,PRES,PRES,PRES
494,130041,MIE KENDURI HJ.,0,MIE,MIE,PRES,PRES,IKT
495,130042,MIE KENDURI OR.,0,MIE,MIE,PRES,PRES,IKT
496,130043,MIE KUDA MENJANGAN KL LEBAR,0,MIE,MIE,BAL,BAL,BAL
497,130044,MIE KUDA MENJANGAN L,0,MIE,MIE,BKS,LOS,DOS
498,130045,MIE KUDA MENJANGAN K,0,MIE,MIE,BKS,LOS,DOS
499,130046,MIE SEDAP CUP GR,0,MIE,MIE,BKS,BKS,DOS
500,130047,MIE SEDAP CUP KUAH,0,MIE,MIE,BKS,BKS,DOS
501,130048,MIE SEDAP GR,0,MIE,MIE,BKS,LOS,DOS
502,130049,MIE SEDAP GR Korea / devina,0,MIE,MIE,BKS,LOS,DOS
503,130050,MIE SEDAP KUAH SOTO,0,MIE,MIE,BKS,LOS,DOS
504,130051,MIE SEDAP KUAH KARE SPC,0,MIE,MIE,BKS,LOS,DOS
505,130052,MIE SEDAP KUAH AYAM BWG,0,MIE,MIE,BKS,LOS,DOS
506,130053,MIE SEDAP KUAH Lain,0,MIE,MIE,BKS,LOS,DOS
507,130054,MIE SUKSES GR KECAP / RD / ACEH,0,MIE,MIE,BKS,LOS,DOS
508,130055,MIE SUKSES KUAH AB,0,MIE,MIE,BKS,LOS,DOS
509,130056,MIE TELUR 3 AYAM MR/KN,0,MIE,MIE,BKS,LOS,DOS
510,130057,MIHUN KIJANG 1/4KG,0,MIHUN,MIHUN,BKS,LOS,BAL
511,130058,MILKU SUSU UHT Coklat,0,SUSU,SUSU,BTL,BTL,DOS
512,130059,MILKU SUSU UHT Strawbery,0,SUSU,SUSU,BTL,BTL,DOS
513,130060,MILO SC 22GR,0,SUSU,SUSU,RTG,RTG,DOS
514,130061,MINYAK CR,0,MINYAK GORENG,MYKGR,KG,LOS,ISI
515,130062,MINYAK GR ALIBABA 1L,0,MINYAK GORENG,MYKGR,BKS,BKS,DOS
516,130063,MINYAK GR XXXXXXX,0,MINYAK GORENG,MYKGR,BKS,BKS,DOS
517,130064,MINYAK GR BIMOLI CL 18L,0,MINYAK GORENG,MYKGR,JRG,JRG,JRG
518,130065,MINYAK GR BIMOLI CL 5L,0,MINYAK GORENG,MYKGR,JRG,BTL,DOS
519,130066,MINYAK GR BIMOLI CL 1L,0,MINYAK GORENG,MYKGR,BKS,BKS,DOS
520,130067,MINYAK GR BIMOLI CL 2L,0,MINYAK GORENG,MYKGR,BKS,BKS,DOS
521,130068,MINYAK GR BIMOLI SP 5L,0,MINYAK GORENG,MYKGR,JRG,JRG,DOS
522,130069,MINYAK GR BIMOLI SP 1L,0,MINYAK GORENG,MYKGR,BKS,BKS,DOS
523,130070,MINYAK GR BIMOLI SP 2L,0,MINYAK GORENG,MYKGR,BKS,BKS,DOS
524,130071,MINYAK GR DORANG 450ML,0,MINYAK GORENG,MYKGR,IKT,IKT,DOS
525,130072,MINYAK GR FILMA 2L,0,MINYAK GORENG,MYKGR,BKS,BKS,DOS
526,130073,MINYAK GR FORTUNE 1L,0,MINYAK GORENG,MYKGR,BKS,BKS,DOS
527,130074,MINYAK GR FORTUNE 1L BANTAL,0,MINYAK GORENG,MYKGR,BKS,BKS,DOS
528,130075,MINYAK GR KUDA 500ML,0,MINYAK GORENG,MYKGR,BTL,BTL,DOS
529,130076,MINYAK GR KITA 5L,0,MINYAK GORENG,MYKGR,JRG,JRG,DOS
530,130077,MINYAK GR ALCO 1L,0,MINYAK GORENG,MYKGR,BKS,BKS,DOS
531,130078,MINYAK GR KUNCI MAS 2L,0,MINYAK GORENG,MYKGR,BKS,BKS,DOS
532,130079,MINYAK GR ROSE CUP,0,MINYAK GORENG,MYKGR,PCS,LOS,DOS
533,130080,MINYAK GR FRAIS WELL 1L,0,MINYAK GORENG,MYKGR,BKS,LOS,DOS
534,130081,MINYAK GR FRAIS WELL 2L,0,MINYAK GORENG,MYKGR,BKS,BKS,DOS
535,130082,MINYAK GR FRAIS WELL 500ml,0,MINYAK GORENG,MYKGR,BKS,LOS,DOS
536,130083,MINYAK GR FRAIS WELL 5L,0,MINYAK GORENG,MYKGR,JRG,JRG,DOS
537,130084,MINYAK GR SABRINA 900ml,0,MINYAK GORENG,MYKGR,BKS,LOS,DOS
538,130085,MINYAK GR SABRINA 2L,0,MINYAK GORENG,MYKGR,BKS,BKS,DOS
539,130086,MINYAK GR SANIA SOVIA 2L,0,MINYAK GORENG,MYKGR,BKS,BKS,DOS
540,130087,MINYAK GR SEDAP 1L,0,MINYAK GORENG,MYKGR,BKS,BKS,DOS
541,130088,MINYAK GR SEDAP 2L,0,MINYAK GORENG,MYKGR,BKS,BKS,DOS
542,130089,MINYAK GR SUNCO 1L,0,MINYAK GORENG,MYKGR,BKS,BKS,DOS
543,130090,MINYAK GR SUNCO 2 L,0,MINYAK GORENG,MYKGR,BKS,BKS,DOS
544,130091,MINYAK GR SUNCO 500ML,0,MINYAK GORENG,MYKGR,BKS,BKS,DOS
545,130092,MINYAK GR SUNCO 5L,0,MINYAK GORENG,MYKGR,JRG,JRG,DOS
546,130093,MINYAK GR TROPICAL RF 2L,0,MINYAK GORENG,MYKGR,BKS,BKS,DOS
547,130094,MINYAK GR SEDAP 20L,0,MINYAK GORENG,MYKGR,JRG,JRG,JRG
548,130095,MINYAK GR AMAGO 2L,0,MINYAK GORENG,MYKGR,BKS,BKS,DOS
549,130096,MINYAK GR ALCO 18L Premium,0,MINYAK GORENG,MYKGR,JRG,JRG,JRG
550,130097,MINYAK KAYU PUTIH CAP LANG 60ML,0,MINYAK,MYK,BTL,LOS,LSN
551,130098,MINYAK TAWON DD,0,MINYAK,MYK,BTL,BTL,LSN
552,130099,MINYAK TELON GAJAH 120ML,0,MINYAK,MYK,BTL,BTL,LSN
553,130100,MINYAK TELON GAJAH 60ML,0,MINYAK,MYK,BTL,BTL,LSN
554,130101,MINYAK WIJEN KUDA PAL,0,MINYAK,MYK,BTL,BTL,DOS
555,130102,MINYAK WIJEN LOWO 620ML,0,MINYAK,MYK,BTL,BTL,BTL
556,130103,MIRI PECAH,0,PALAWIJA,PLWJ,ONS,LOS,KG
557,130104,MLINJO EMPING,0,KRUPUK,KRP,ONS,KG,DOS
558,130105,MOLTO ALL IN 18ML SC,0,SABUN CAIR,SBNCR,RTG,RTG,DOS
559,130106,MOLTO ALL IN SC 500,0,SABUN CAIR,SBNCR,RTG,RTG,DOS
560,130107,MOLTO PEWANGI 450ML,0,SABUN CAIR,SBNCR,BKS,LSN,DOS
561,130108,MOLTO PEWANGI 800ML,0,SABUN CAIR,SBNCR,BKS,BKS,DOS
562,130109,MOLTO SOFTENER 800ML,0,SABUN CAIR,SBNCR,BKS,BKS,DOS
563,130110,MTG AMANDA 1/4KG,0,MIHUN,MIHUN,BKS,KG,DOS
564,130111,MTG AMANDA 15KG,0,MENTEGA,MNTG,KG,KG,DOS
565,130112,MTG BLUE BAND 15KG,0,MENTEGA,MNTG,KG,KG,DOS
566,130113,MTG BLUE BAND 45GR P4000AN,0,MENTEGA,MNTG,RTG,RTG,DOS
567,130114,MTG BLUE BAND MASTER 4.5KG,0,MENTEGA,MNTG,KTK,KTK,KTK
568,130115,MTG BLUE BAND SC 200GR,0,MENTEGA,MNTG,BKS,BKS,DOS
569,130116,MTG BLUE BAND STICK 2000AN,0,MENTEGA,MNTG,RTG,RTG,DOS
570,130117,MTG FORVITA FILMA 200GR,0,MENTEGA,MNTG,BKS,BKS,BKS
571,130118,MTG SIMAS 15KG,0,MENTEGA,MNTG,KG,KG,DOS
572,130119,MTG SIMAS 5KG,0,MENTEGA,MNTG,DOS,DOS,DOS
573,130120,MUTIARA KUCING,0,BAHAN KUE,BHNK,BKS,PRES,IKT
574,130121,MINYAK WIJEN 135ML PEGASUS,0,MINYAK,MYK,PCS,PCS,LSN
575,130122,MINYAK GR XXXX,0,,,BKS,BKS,BKS
576,130123,MINYAK GR KITA MIX 2L,0,,,BKS,BKS,DOS
577,130124,MINYAK KUNCIMAS 900ML,0,,,PCS,PCS,DOS
578,130125,MINYAK GR FILMA 1L,0,,,PCS,PCS,DOS
579,130126,MINYAK GR SABRINA 450ML,0,,,PCS,PCS,DOS
580,130127,MIE EKO MIE,0,,,PRES,PRES,DOS
581,130128,MINYAK GR KITA xx xxxx,0,,,PCS,PCS,DOS
582,130129,MAKARONI SEDANI,0,,,BKS,BKS,DOS
583,130130,MIE EKO MIE ISI 2,0,,,PCS,PCS,DOS
584,130131,MIRI BULAT,0,,,ONS,KG,KG
585,130132,MAKARONI SRIKANDI,0,,,PCS,PCS,IKT
586,130133,MINYAK GR KITA BOTOL 1L,0,,,PCS,PCS,DOS
587,140001,NIKISARI SAOS TOMAT,0,SAOS,SAOS,BKS,BKS,DOS
588,140002,NIKISARI SAOS SAMBAL,0,SAOS,SAOS,BKS,BKS,DOS
589,140003,NUTRIJELL K ANGGUR,0,JELLY,JELLY,BKS,KTK,DOS
590,140004,NUTRIJELL K KELAPA MUDA,0,JELLY,JELLY,BKS,KTK,DOS
591,140005,NUTRIJELL K LECI,0,JELLY,JELLY,BKS,KTK,DOS
592,140006,NUTRIJELL K JERUK,0,JELLY,JELLY,BKS,KTK,DOS
593,140007,NUTRIJELL K MANGGA,0,JELLY,JELLY,BKS,KTK,DOS
594,140008,NUTRIJELL K MELON,0,JELLY,JELLY,BKS,KTK,DOS
595,140009,NUTRIJELL K STRAWBERRY,0,JELLY,JELLY,BKS,KTK,DOS
596,140010,NUTRIJELL K COKLAT,0,JELLY,JELLY,BKS,KTK,DOS
597,140011,NUTRISARI,0,MINUMAN,MIN,RTG,PRES,DOS
598,140012,NUTRIJELL K JAMBU,0,,,BKS,KTK,DOS
599,140013,NUTRIJELL K KURMA CINCAU,0,,,BKS,KTK,DOS
600,140014,NUTRIJELL K PLAIN,0,,,BKS,KTK,DOS
601,140015,N________,0,,,PCS,PCS,PCS
602,140016,N________,0,,,PCS,PCS,PCS
603,140017,N________,0,,,PCS,PCS,PCS
604,140018,N________,0,,,PCS,PCS,PCS
605,140019,N________,0,,,PCS,PCS,PCS
606,140020,N________,0,,,PCS,PCS,PCS
607,140021,N________,0,,,PCS,PCS,PCS
608,150001,O________,0,,,PCS,PCS,PCS
609,150002,O________,0,,,PCS,PCS,PCS
610,150003,O________,0,,,PCS,PCS,PCS
611,150004,O________,0,,,PCS,PCS,PCS
612,150005,O________,0,,,PCS,PCS,PCS
613,150006,O________,0,,,PCS,PCS,PCS
614,150007,O________,0,,,PCS,PCS,PCS
615,150008,O________,0,,,PCS,PCS,PCS
616,150009,O________,0,,,PCS,PCS,PCS
617,150010,O________,0,,,PCS,PCS,PCS
618,160001,PAK MAYA / ANGEL 500gr,0,BAHAN KUE,BHNK,BKS,BKS,DOS
619,160002,PEMPEK KTLM,0,MISC,MISC,PCS,PCS,PAK
620,160003,PEMPEK KTLM ADAAN,0,FOOD,FOOD,PAK,PCS,PCS
621,160004,PEMPEK KTLM KAPAL SELAM KECIL,0,FOOD,FOOD,PAK,PCS,PCS
622,160005,PEMPEK KTLM KERITING,0,FOOD,FOOD,PAK,PCS,PCS
623,160006,PEMPEK KTLM LENJER,0,FOOD,FOOD,PAK,PCS,PCS
624,160007,PEPSODENT 120GR,0,PASTA GIGI,PSTG,KTK,LSN,DOS
625,160008,PEPSODENT 190GR,0,PASTA GIGI,PSTG,KTK,LSN,DOS
626,160009,PEPSODENT 75GR,0,PASTA GIGI,PSTG,KTK,LSN,DOS
627,160010,PEPSODENT HERBAL 190GR,0,PASTA GIGI,PSTG,KTK,KTK,LSN
628,160011,PEPSODENT HERBAL 65GR,0,PASTA GIGI,PSTG,KTK,KTK,LSN
629,160012,PETIS SL,0,BUMBU,BUMBU,ISI,KLG,KLG
630,160013,PLASTIK PE xxxx,0,PLASTIK,PLSTK,BKS,BKS,KG
631,160014,PLASTIK PP SEMUT,0,PLASTIK,PLSTK,BKS,BKS,KG
632,160015,PLASTIK TIKTAS HD PE 1 1/2KG,0,PLASTIK,PLSTK,BKS,BKS,IKT
633,160016,PLASTIK TIKTAS HD PE 1/2KG,0,PLASTIK,PLSTK,BKS,BKS,IKT
634,160017,PLASTIK TIKTAS HD PE 1/4KG,0,PLASTIK,PLSTK,BKS,BKS,IKT
635,160018,PLASTIK TIKTAS HD PE 1KG,0,PLASTIK,PLSTK,BKS,BKS,IKT
636,160019,PLASTIK TIKTAS HD PE 2KG,0,PLASTIK,PLSTK,BKS,BKS,IKT
637,160020,POP MIE B,0,MIE,MIE,BKS,BKS,DOS
638,160021,POP MIE K,0,MIE,MIE,BKS,BKS,DOS
639,160022,PLASTIK PE APOLO 1/4kg 10x20,0,PLASTIK,PLSTK,BKS,BKS,KG
640,160023,PLASTIK PE APOLO 1/2kg 12x24,0,PLASTIK,PLSTK,BKS,BKS,KG
641,160024,PLASTIK PE APOLO 1KG 15x27,0,PLASTIK,PLSTK,BKS,BKS,KG
642,160025,PLASTIK PE APOLO 1.5KG 18x30,0,PLASTIK,PLSTK,BKS,BKS,KG
643,160026,PLASTIK PE APOLO 2KG 18x35,0,PLASTIK,PLSTK,BKS,BKS,KG
644,160027,PLASTIK PE APOLO 3KG 25x40,0,PLASTIK,PLSTK,BKS,BKS,KG
645,160028,POTABEE SNACK RTG,0,,,RTG,RTG,DOS
646,160029,PALA,0,,,Ons,KG,KG
647,160030,PEMUTIH KUE,0,,,ONS,ONS,KG
648,160031,Pasta MORIZA,0,,,PCS,PCS,PCS
649,160032,PEKAK BUNGA LAWANG 1KG,0,,,BKS,BKS,BKS
650,160033,P________,0,,,PCS,PCS,PCS
651,180001,RAPIKA RF 450ML,0,SABUN CAIR,SBNCR,BKS,BKS,DOS
652,180002,RAPIKA SC,0,SABUN CAIR,SBNCR,LSN,PRES,DOS
653,180003,REALGOOD MILK CK/STR,0,FOOD,FOOD,BKS,BKS,DOS
654,180004,REXONA SC.,0,MISC,MISC,RTG,RTG,DOS
655,180005,RINSO 770 GR,0,DETERGEN,DET,BKS,BKS,DOS
656,180006,RINSO CAIR 800ML,0,DETERGEN,DET,BKS,BKS,DOS
657,180007,RINSO CAIR SC. (isi 12 lsn),0,DETERGEN,DET,LSN,LSN,DOS
658,180008,RINxx xxxx,0,DETERGEN,DET,BKS,BKS,DOS
659,180009,RINSO SC 50GR,0,DETERGEN,DET,LSN,LSN,DOS
660,180010,ROKOK SURYA12,0,ROKOK,ROKOK,PCS,PCS,PRES
661,180011,ROKOK SURYA PRO MR,0,ROKOK,ROKOK,PRES,PRES,PRES
662,180012,ROKOK SURYA PRO PTH,0,ROKOK,ROKOK,PRES,PRES,PRES
663,180013,ROKOK SURYA KLG,0,ROKOK,ROKOK,KLG,KLG,KLG
664,180014,ROKOK DJI SAM SOE 12,0,ROKOK,ROKOK,PRES,PRES,PRES
665,180015,ROKOK A MILD 16,0,ROKOK,ROKOK,PRES,PRES,PRES
666,180016,ROYCO SAPI 220GR,0,MSG,MSG,BKS,BKS,DOS
667,180017,ROYCO AYAM 1KG,0,MSG,MSG,BKS,BKS,DOS
668,180018,ROYCO SC 500AN SP,0,MSG,MSG,RTG,LOS,DOS
669,180019,ROYCO SC 500AN AYM,0,MSG,MSG,RTG,LOS,DOS
670,180020,RINSO 195GR P5000 ISI 18,0,,,BKS,BKS,DOS
671,180021,ROYCO AYAM 220gr,0,,,PCS,PCS,DOS
672,180022,RICE VINEGAR NC TTS cuka jepang,0,,,BTL,BTL,DOS
673,180023,ROYCO IKAN SC,0,,,RTG,LOS,DOS
674,180024,RINSO CAIR SC. (ISI 8),0,,,LSN,LSN,DOS
675,180025,RAMEN YES HAKATA 2+1,0,,,PCS,PCS,DOS
676,180026,R________,0,,,PCS,PCS,PCS
677,180027,R________,0,,,PCS,PCS,PCS
678,180028,R________,0,,,PCS,PCS,PCS
679,180029,R________,0,,,PCS,PCS,PCS
680,190001,SABUN ASEPSO,0,SABUN,SBN,BKS,BKS,LSN
681,190002,SABUN BABY CUSSON 80GR,0,SABUN,SBN,BKS,LSN,DOS
682,190003,SABUN CITRA,0,SABUN,SBN,BKS,LSN,DOS
683,190004,SABUN DETTOL B.,0,SABUN,SBN,BKS,LSN,DOS
684,190005,SABUN DETTOL K,0,SABUN,SBN,BKS,LSN,DOS
685,190006,SABUN FRES,0,SABUN,SBN,BKS,LSN,DOS
686,190007,SABUN GIV,0,SABUN,SBN,BKS,LSN,DOS
687,190008,SABUN GIV CAIR RV k,0,SABUN,SBN,BKS,BKS,DOS
688,190009,SABUN NUVO CAIR RV k,0,SABUN,SBN,BKS,BKS,DOS
689,190010,SABUN HARMONI,0,SABUN,SBN,BKS,LSN,DOS
690,190011,SABUN JF SULFUR,0,SABUN,SBN,BKS,BKS,LSN
691,190012,SABUN KODOK O,0,SABUN,SBN,BKS,LOS,DOS
692,190013,SABUN LIFEBOY,0,SABUN,SBN,BKS,LSN,DOS
693,190014,SABUN LUX,0,SABUN,SBN,BKS,LSN,DOS
694,190015,SABUN MEDICARE,0,SABUN,SBN,BKS,LSN,DOS
695,190016,SABUN NUVO,0,SABUN,SBN,BKS,LSN,DOS
696,190017,SABUN SEHAT,0,SABUN,SBN,BKS,LSN,DOS
697,190018,SABUN SHINZUI,0,SABUN,SBN,BKS,LSN,DOS
698,190019,SAFT INSTANT GOLD 500GR,0,BAHAN KUE,BHNK,BKS,BKS,DOS
699,190020,PAK MAYA SC 11GR,0,BAHAN KUE,BHNK,PCS,PRES,KTK
700,190021,SAJIKU NASI GORENG,0,BUMBU,BUMBU,RTG,RTG,DOS
701,190022,SAJIKU TEPUNG BUMBU K.1500,0,BUMBU,BUMBU,RTG,RTG,DOS
702,190023,SAMBAL TERASI FINA,0,FOOD,FOOD,PRES,PRES,DOS
703,190024,SANTAN BUBUK SASA,0,SANTAN,SANTAN,PRES,PRES,DOS
704,190025,SANTAN KARA BUBUK,0,SANTAN,SANTAN,RTG,RTG,DOS
705,190026,SANTAN KARA TCA,0,BUMBU,BUMBU,BKS,BKS,DOS
706,190027,SANTAN ROSE TCA,0,SANTAN,SANTAN,BKS,BKS,DOS
707,190028,SAXXXXXX,0,SANTAN,SANTAN,BKS,IKT,DOS
708,190029,SAORI SAOS TIRAM SC,0,BUMBU,BUMBU,RTG,RTG,DOS
709,190030,SAOS TOMAT ABC JRG,0,SAOS,SAOS,JRG,,
710,190031,SAOS LOMBOK BAHAGIA,0,SAOS,SAOS,BTL,BTL,DOS
711,190032,SAOS LOMBOK TIGA ANAK,0,SAOS,SAOS,ISI,BTL,DOS
712,190033,SAOS SAMBAL ABC BTL 335ML BELING,0,SAOS,SAOS,BTL,BTL,DOS
713,190034,SAOS SAMBAL ABC MJ 135ML,0,SAOS,SAOS,BTL,BTL,DOS
714,190035,SAOS SAMBAL ABC SC.,0,SAOS,SAOS,PRES,PRES,DOS
715,190036,SAOS SAMBAL MENJANGAN,0,SAOS,SAOS,BTL,BTL,DOS
716,190037,SAOS TIRAM PANDA 510GR,0,SAOS,SAOS,BTL,BTL,LSN
717,190038,SAOS TOMAT ABC BTL 335ML,0,SAOS,SAOS,BTL,BTL,DOS
718,190039,SAOS TOMAT ABC MJ 135ML,0,SAOS,SAOS,BTL,BTL,DOS
719,190040,SAOS TOMAT ABC SC.,0,SAOS,SAOS,PRES,PRES,DOS
720,190041,SAOS TOMAT MENJANGAN,0,SAOS,SAOS,BTL,BTL,DOS
721,190042,SARI JAHE KERATON,0,MINUMAN,MIN,PRES,PRES,DOS
722,190043,SARI MANIS BELL,0,MSG,MSG,BKS,PRES,DOS
723,190044,SARI MANIS TAWON 1 KG,0,MISC,MISC,BKS,BKS,BKS
724,190045,SARIMI DUO GRG,0,MIE,MIE,BKS,LOS,DOS
725,190046,SARIMI DUO KUAH,0,MIE,MIE,BKS,LOS,DOS
726,190047,SASA 1KG MICIN,0,MSG,MSG,BKS,BKS,DOS
727,190048,SASA 250GR MICIN,0,MSG,MSG,BKS,LOS,DOS
728,190049,SASA RP1000 MICIN,0,MSG,MSG,BKS,PRES,DOS
729,190050,SCOTCH BRITE KAWAT 4K,0,SABUN,SBN,LSN,LSN,DOS
730,190051,SCOTCH BRITE SPON,0,MISC,MISC,LSN,LSN,DOS
731,190052,SEGAR DINGIN,0,MINUMAN,MIN,PRES,PRES,DOS
732,190053,SHAMPOO CL____,0,SHAMPOO,SHMP,RTG,RTG,DOS
733,190054,SHAMPOO DOVE SC,0,SHAMPOO,SHMP,RTG,RTG,DOS
734,190055,SHAMPOO EMERON SC,0,SHAMPOO,SHMP,RTG,RTG,DOS
735,190056,SHAMPOO HS HEAD SHOULDER,0,SHAMPOO,SHMP,RTG,RTG,DOS
736,190057,SHAMPOO KID KODOMO,0,SHAMPOO,SHMP,BTL,BTL,RTG
737,190058,SHAMPOO LIF___,0,SHAMPOO,SHMP,RTG,RTG,DOS
738,190059,SHAMPOO PANTENE 170ML,0,SHAMPOO,SHMP,BTL,BTL,BTL
739,190060,SHAMPOO PAN____,0,SHAMPOO,SHMP,RTG,RTG,DOS
740,190061,SHAMPOO REJOICE SC,0,SHAMPOO,SHMP,RTG,RTG,DOS
741,190062,SHAMPOO SUN____,0,SHAMPOO,SHMP,RTG,RTG,DOS
742,190063,SHAMPOO ZINC SC,0,SHAMPOO,SHMP,RTG,RTG,DOS
743,190064,SIDOMUNCUL KOPI JAHE,0,KOPI,KOPI,RTG,RTG,DOS
744,190065,SIDOMUNCUL SUSU JAHE,0,KOPI,KOPI,RTG,RTG,DOS
745,190066,SIKAT GIGI CIPTADENT,0,PASTA,PASTA,PCS,KTK,DOS
746,190067,SIKAT GIGI CIPTADENT ISI 3,0,MISC,MISC,PCS,PCS,KTK
747,190068,SIKAT GIGI FORMULA,0,MISC,MISC,BIJI,KTK,DOS
748,190069,SIKAT GIGI KODOMO PRO KID,0,MISC,MISC,PCS,PCS,KTK
749,190070,SILET GOAL BLUE 2,0,SUSU,SUSU,PCS,LOS,PCS
750,190071,SILET GOAL BLUE 3,0,MISC,MISC,PCS,PCS,RTG
751,190072,SILET GOAL KUNING,0,MISC,MISC,PCS,LOS,PCS
752,190073,SILET GOAL,0,MISC,MISC,PCS,PCS,RTG
753,190074,SIRUP ABC ORANGE,0,SIRUP,SIRUP,BTL,BTL,DOS
754,190075,SIRUP ABC SPC,0,SIRUP,SIRUP,BTL,BTL,DOS
755,190076,SODA KUE,0,BAHAN KUE,BHNK,ONS,KG,ZAK
756,190077,SODA KUE RW,0,BAHAN KUE,BHNK,PRES,PRES,PRES
757,190078,SOHUN RRC NAGA 250GR,0,SOHUN,SOHUN,BKS,BKS,BKS
758,190079,SOHUN RRC NAGA 50GR,0,SOHUN,SOHUN,BKS,LOS,DOS
759,190080,SOHUN SRIMPI BR,0,SOHUN,SOHUN,BKS,BKS,BAL
760,190081,SOHUN SRIMPI K,0,SOHUN,SOHUN,BKS,BKS,IKT
761,190082,SOHUN SRIMPI MR,0,SOHUN,SOHUN,BKS,BKS,BAL
762,190083,SOKLIN xxxxx,0,SABUN CAIR,SBNCR,RTG,PRES,DOS
763,190084,SOKLIN ALL IN 60GR,0,DETERGEN,DET,LSN,LSN,DOS
764,190085,SOKLIN BUBUK 340GR,0,DETERGEN,DET,BKS,BKS,DOS
765,190086,SOKLIN BUBUK 800GR,0,DETERGEN,DET,BKS,BKS,DOS
766,190087,SOKLIN xxxxxxxxxxx BUBUK MB,0,DETERGEN,DET,LSN,LSN,DOS
767,190088,SOKLIN BUBUK PK,0,DETERGEN,DET,LSN,LSN,DOS
768,190089,SOKLIN LANTAI 450ML,0,SABUN CAIR,SBNCR,BKS,BKS,DOS
769,190090,SOKLIN LANTAI 900ML,0,SABUN CAIR,SBNCR,BKS,BKS,DOS
770,190091,SOKLIN LANTAI RF 1000AN,0,DETERGEN,DET,BKS,LSN,DOS
771,190092,SOKLIN LANTAI SC,0,SABUN CAIR,SBNCR,RTG,PRES,DOS
772,190093,SOKLIN LIQUID 100ML RV,0,ARAK,ARAK,BKS,BKS,DOS
773,190094,SOKLIN LIQUID 800ML,0,SABUN,SBN,BKS,BKS,DOS
774,190095,SOKLIN LIQUID SC 40 ML 1000AN,0,SABUN,SBN,LSN,PRES,DOS
775,190096,SOKLIN LIQUID SC.,0,SABUN,SBN,LSN,PRES,DOS
776,190097,SOKLIN PEMUTIH 1000ML,0,SABUN CAIR,SBNCR,BTL,BTL,DOS
777,190098,SOKLIN PEMUTIH 100ML,0,SABUN CAIR,SBNCR,BTL,LSN,DOS
778,190099,SOKLIN PEMUTIH 500ML,0,SABUN,SBN,BTL,BTL,DOS
779,190100,SOKLIN PEMUTIH SC,0,SABUN,SBN,PRES,PRES,DOS
780,190101,SOKLIN PEWANGI 450ML,0,SABUN CAIR,SBNCR,BKS,BKS,DOS
781,190102,SOKLIN PEWANGI 900ML,0,SABUN CAIR,SBNCR,BKS,BKS,DOS
782,190103,SOKLIN PEWANGI GLAMOR SC.,0,DETERGEN,DET,RTG,PRES,DOS
783,190104,SOKLIN PEWANGI RF 1000AN,0,SUSU,SUSU,BKS,BKS,DOS
784,190105,SOKLIN PEWANGI SC,0,SABUN CAIR,SBNCR,RTG,PRES,DOS
785,190106,SOKLIN ROYALE SC. P500,0,DETERGEN,DET,RTG,PRES,DOS
786,190107,SOKLIN SOFTENER SC,0,SABUN CAIR,SBNCR,RTG,PRES,DOS
787,190108,SOKLIN SOFTENER 900ML,0,SABUN CAIR,SBNCR,BKS,BKS,DOS
788,190109,SOKLIN SOFTENER PREMIUM,0,SABUN CAIR,SBNCR,RTG,PRES,DOS
789,190110,SOKLIN SOFTENER RF 1000AN,0,SABUN,SBN,BKS,BKS,DOS
790,190111,SOSIS SO NICE,0,FOOD,FOOD,PCS,PCS,DOS
791,190112,SP TBM QUICK B,0,BAHAN KUE,BHNK,BKS,BKS,PRES
792,190113,SP TBM QUICK K,0,BAHAN KUE,BHNK,BKS,BKS,PRES
793,190114,STMJ SIDOMUNCUL,0,MINUMAN,MIN,RTG,PRES,DOS
794,190115,SUMBO RAJAWALI KUNING,0,SUMBO,SUMBO,BTL,BTL,KTK
795,190116,SUNLIGHT CAIR 90 ML,0,SABUN CAIR,SBNCR,BKS,LSN,DOS
796,190117,SUNLIGHT CAIR 210ML,0,SABUN CAIR,SBNCR,BKS,BKS,DOS
797,190118,SUNLIGHT CAIR 420ML,0,SABUN CAIR,SBNCR,BKS,BKS,DOS
798,190119,SUNLIGHT CAIR 52ML 1000-AN,0,SABUN CAIR,SBNCR,BKS,BKS,DOS
799,190120,SUNLIGHT CAIR xxxxxxxx 755ML,0,SABUN CAIR,SBNCR,BKS,LOS,DOS
800,190121,SUNLIGHT CREAM 175 GR,0,SABUN,SBN,BKS,BKS,DOS
801,190122,SUPER PELL 770ML,0,SABUN CAIR,SBNCR,BKS,BKS,DOS
802,190123,SUPER PELL RV 90ML,0,SABUN CAIR,SBNCR,BKS,BKS,DOS
803,190124,SUPERSOL RV 800ML,0,MISC,MISC,BKS,BKS,DOS
804,190125,S XXXXX SUPERSOL RV48ML,0,SABUN CAIR,SBNCR,BKS,BKS,DOS
805,190126,S XXXXX SUPERSOL SC,0,SABUN CAIR,SBNCR,LSN,PRES,DOS
806,190127,SWEETY RTG M,0,PEMBALUT,PMBLT,RTG,LSN,DOS
807,190128,SWEETY RTG L,0,PEMBALUT,PMBLT,RTG,LSN,DOS
808,190129,SWEETY RTG S,0,PEMBALUT,PMBLT,RTG,LSN,DOS
809,190130,SWEETY RTG XL,0,PEMBALUT,PMBLT,RTG,LSN,DOS
810,190131,SOKLIN BIOMATIC FRONT LOAD 1KG,0,DETERGEN,DET,PCS,PCS,DOS
811,190132,SHAMPOO LIFEBOY BIRU SC,0,SHAMPOO,SHMP,RTG,RTG,DOS
812,190133,SHAMPOO LIFEBOY HIJAU SC,0,SHAMPOO,SHMP,RTG,RTG,DOS
813,190134,SHAMPOO LIFEBOY MERAH SC,0,SHAMPOO,SHMP,RTG,RTG,DOS
814,190135,SHAMPOO CLEAR BIRU SC,0,SHAMPOO,SHMP,RTG,RTG,DOS
815,190136,SHAMPOO CLEAR HIJAU SC,0,SHAMPOO,SHMP,RTG,RTG,DOS
816,190137,SHAMPOO CLEAR HITAM SC,0,SHAMPOO,SHMP,RTG,RTG,DOS
817,190138,SHAMPOO SUNSILK KUNING SC,0,SHAMPOO,SHMP,RTG,RTG,DOS
818,190139,SHAMPOO SUNSILK HITAM SC,0,SHAMPOO,SHMP,RTG,RTG,DOS
819,190140,SHAMPOO PANTENE BIRU SC,0,SHAMPOO,SHMP,RTG,RTG,DOS
820,190141,SHAMPOO PANTENE MERAH SC,0,SHAMPOO,SHMP,RTG,RTG,DOS
821,190142,SHAMPOO PANTENE UNGU SC,0,SHAMPOO,SHMP,RTG,RTG,DOS
822,190143,SHAMPOO PANTENE HIJAU SC,0,SHAMPOO,SHMP,RTG,RTG,DOS
823,190144,SHAMPOO PANTENE HITAM SC,0,SHAMPOO,SHMP,RTG,RTG,DOS
824,190145,SAOS SAMBAL SASA SC,0,,,PRES,PRES,DOS
825,190146,SAOS ROCKY,0,,,PCS,PCS,PETI
826,190147,SEDANI SPAGETTI,0,,,BKS,BKS,DOS
827,190148,SHAMPOO KID KODOMO RTG,0,,,RTG,RTG,DOS
828,190149,SUNLIGHT CAIR 650ML,0,,,PCS,PCS,DOS
829,190150,SAORI TERIYAKI SC,0,,,RTG,RTG,DOS
830,190151,SAORI TIRAM MJ,0,,,PCS,PCS,DOS
831,190152,SOKLIN SMART 725Gr,0,,,BKS,BKS,DOS
832,190153,SEDAP MIE BAKED GR / ST,0,,,PCS,PCS,DOS
833,190154,Soda Kue Jepang,0,,,KG,KG,ZAK
834,190155,SO SOFT SC 80ML,0,,,RTG,RTG,DOS
835,190156,SUPERSOL 230ML,0,,,PCS,PCS,DOS
836,190157,SEDAP BUMBU KALDU SAPI 2+1,0,,,RTG,RTG,DOS
837,190158,SOKLIN LIQUID 215ML 5000AN,0,,,PCS,PCS,DOS
838,190159,SUMBO RAJAWALI MERAH ARBEI,0,,,BTL,BTL,KTK
839,190160,SUMBO RAJAWALI MERAH MUDA,0,,,BTL,BTL,KTK
840,190161,SUMBO RAJAWALI HIJAU APEL,0,,,BTL,BTL,KTK
841,200001,TALI RAFIA CAP MAWAR,0,MISC,MISC,BAL,BAL,BAL
842,200002,TANGO WAFER,0,KUE,KUE,KLG,KLG,DOS
843,200003,TEH 999,0,TEH,TEH,BKS,PRES,BAL
844,200004,TEH DANDANG MERAH,0,TEH,TEH,PRES,PRES,PRES
845,200005,TEH GELAS,0,TEH,TEH,DOS,DOS,DOS
846,200006,TEH JAVANA,0,MINUMAN,MIN,BTL,BTL,DOS
847,200007,TEH NAGA KOTAK CELUP,0,TEH,TEH,KTK,LOS,DOS
848,200008,TEH NAGA PLASTIK,0,TEH,TEH,PAK,PRES,DOS
849,200009,TEH SARIMELATI,0,TEH,TEH,LSN,LSN,DOS
850,200010,TEH SARIWANGI KTK,0,TEH,TEH,KTK,KTK,DOS
851,200011,TEH SARIWANGI SC,0,TEH,TEH,LSN,LSN,DOS
852,200012,TEH SOSRO KTK TB 30,0,TEH,TEH,KTK,PRES,DOS
853,200013,TE xxxxxxxxxx,0,TEH,TEH,PRES,PRES,DOS
854,200014,TEH TONG DJI 25 MELATI,0,TEH,TEH,KTK,PRES,PRES
855,200015,TEH TONG DJI SUPER 40GR,0,TEH,TEH,PRES,PRES,BAL
856,200016,TELUR,0,FOOD,FOOD,KG,KG,PETI
857,200017,TEPUNG BERAS KAMALIA,0,TEPUNG,TEPUNG,PRES,PRES,ZAK
858,200018,TEPUNG BERAS KLAMPOK 25KG,0,TEPUNG,TEPUNG,KG,KG,ZAK
859,200019,TEPUNG BERAS MATAHARI,0,TEPUNG,TEPUNG,PRES,PRES,ZAK
860,200020,TEPUNG BERAS NE,0,TEPUNG,TEPUNG,KG,KG,DOS
861,200021,TEPUNG BERAS ROSE 500GR,0,TEPUNG,TEPUNG,BKS,KG,DOS
862,200022,TEPUNG BERAS VIRGO BR.,0,TEPUNG,TEPUNG,PAK,PRES,ZAK
863,200023,TEPUNG BERAS VIRGO MR.,0,TEPUNG,TEPUNG,PRES,PRES,ZAK
864,200024,TEPUNG BUMBU JEMPOL B,0,TEPUNG,TEPUNG,PRES,PRES,PRES
865,200025,TEPUNG BUMBU JEMPOL K,0,TEPUNG,TEPUNG,PRES,PRES,DOS
866,200026,TEPUNG BUMBU SASA P1000,0,TEPUNG,TEPUNG,PRES,PRES,DOS
867,200027,TPNG CAKRA 25KG,0,TEPUNG,TEPUNG,KG,LOS,ZAK
868,200028,TPNG PAYUNG 25KG,0,TEPUNG,TEPUNG,KG,LOS,ZAK
869,200029,TEPUNG DF / Wilis (LOW),0,TEPUNG,TEPUNG,KG,KG,ZAK
870,200030,TEPUNG HUNG KWEE KURA,0,TEPUNG,TEPUNG,BKS,PRES,DOS
871,200031,TEPUNG KETAN BOLA / NE,0,TEPUNG,TEPUNG,KG,KG,DOS
872,200032,TEPUNG KETAN ROSE 500GR,0,TEPUNG,TEPUNG,BKS,KG,DOS
873,200033,TEPUNG KOBE CRISPY 2000AN,0,TEPUNG,TEPUNG,RTG,RTG,DOS
874,200034,TEPUNG KOBE K,0,TEPUNG,TEPUNG,BKS,PRES,DOS
875,200035,TEPUNG KOBE TEMPE B.,0,TEPUNG,TEPUNG,RTG,PRES,DOS
876,200036,TPNG LM 25KG,0,TEPUNG,TEPUNG,ZAK,ZAK,ZAK
877,200037,TEPUNG ROTI,0,TEPUNG,TEPUNG,KG,KG,ZAK
878,200038,TEPUNG SASA TB 80 BAKWAN,0,TEPUNG,TEPUNG,RTG,RTG,DOS
879,200039,TEPUNG SASA TB 80 KENTAKY,0,TEPUNG,TEPUNG,RTG,RTG,DOS
880,200040,TEPUNG SASA TB 80 PISANG,0,TEPUNG,TEPUNG,RTG,RTG,DOS
881,200041,TPNG SEGITIGA 1KG DUS,0,TEPUNG,TEPUNG,KG,BKS,DOS
882,200042,TPNG SGTG 25KG,0,TEPUNG,TEPUNG,KG,LOS,ZAK
883,200043,TEPUNG TERIGU KUNCI,0,TEPUNG,TEPUNG,ZAK,ZAK,ZAK
884,200044,TEPUNG VIRGO PEYEK K.,0,TEPUNG,TEPUNG,PAK,PRES,ZAK
885,200045,TERASI ABC,0,BUMBU,BUMBU,PAK,PAK,DOS
886,200046,TOLAK ANGIN,0,OBAT,OBAT,KTK,KTK,DOS
887,200047,TOLAK ANGIN ANAK,0,OBAT,OBAT,KTK,KTK,KTK
888,200048,TOLAK LINU CAIR,0,MISC,MISC,KTK,KTK,KTK
889,200049,TOP GULA,0,KOPI,KOPI,RTG,RTG,DOS
890,200050,TOP GULA AREN / Avo / Moka SC,0,KOPI,KOPI,RTG,RTG,DOS
891,200051,TOP GULA TORAJA 2+1,0,KOPI,KOPI,RTG,RTG,DOS
892,200052,TOP K 7GR,0,KOPI,KOPI,RTG,RTG,DOS
893,200053,TOP KOPI 165GR,0,KOPI,KOPI,BKS,LOS,DOS
894,200054,TOP CAPPUCINNO,0,KOPI,KOPI,RTG,LOS,DOS
895,200055,TOP PLUS,0,KOPI,KOPI,RTG,RTG,DOS
896,200056,TOP SUSU,0,KOPI,KOPI,RTG,RTG,DOS
897,200057,TOP SUSU KENTAL 30GR,0,KOPI,KOPI,RTG,RTG,DOS
898,200058,TOP WHITE,0,KOPI,KOPI,RTG,RTG,DOS
899,200059,TOP NEO 2+1 MOCA / CARAMEL,0,KOPI,KOPI,RTG,RTG,DOS
900,200060,TUMBAR,0,PALAWIJA,PLWJ,ONS,KG,ZAK
901,200061,TROPICANA GULA DIABETX,0,,,PRES,PRES,DOS
902,200062,TOP BARISTA KOPI GULA,0,,,RTG,RTG,DOS
903,200063,TEPUNG BUMBU SASA 1KG,0,,,BKS,BKS,DOS
904,200064,TEPUNG TEGU,0,,,ZAK,ZAK,ZAK
905,200065,TEPUNG BUMBU RACIK 32gr,0,,,RTG,RTG,DOS
906,200066,TEPUNG RACIK KRISPI,0,,,RTG,RTG,DOS
907,200067,TPNG CAKRA 1KG DUS,0,,,PCS,PCS,DUS
908,200068,TEPUNG BERAS BOLA,0,,,PCS,KG,DOS
909,200069,TEH SOSRO SC ISI10 Baru,0,,,RTG,RTG,DOS
910,200070,TEPUNG SAGU AREN,0,,,KG,KG,ZAK
911,200071,TEH SARIMURNI SC,0,,,RTG,RTG,DOS
912,200072,T________,0,,,PCS,PCS,PCS
913,220001,VANILI LAYAR BTL K,0,BAHAN KUE,BHNK,BTL,BTL,LSN
914,220002,VANILI LAYAR BUNDAR,0,BAHAN KUE,BHNK,PAK,LSN,DOS
915,220003,VANILI LOKAL,0,BAHAN KUE,BHNK,KG,KG,KG
916,220004,VIXAL 800ML,0,SABUN CAIR,SBNCR,BTL,BTL,DOS
917,220005,V________,0,,,PCS,PCS,PCS
918,220006,V________,0,,,PCS,PCS,PCS
919,220007,V________,0,,,PCS,PCS,PCS
920,220008,V________,0,,,PCS,PCS,PCS
921,220009,V________,0,,,PCS,PCS,PCS
922,220010,V________,0,,,PCS,PCS,PCS
923,220011,V________,0,,,PCS,PCS,PCS
924,220012,V________,0,,,PCS,PCS,PCS
925,220013,V________,0,,,PCS,PCS,PCS
926,220014,V________,0,,,PCS,PCS,PCS
927,220015,V________,0,,,PCS,PCS,PCS
928,230001,WIJEN,0,PALAWIJA,PLWJ,ONS,ONS,KG
929,230002,WING 12KG,0,SABUN COLEK,SBNCLK,KLG,KLG,KLG
930,230003,WING 200K Hijau,0,DETERGEN,DET,BKS,RTG,DOS
931,230004,WING 200K Putih,0,DETERGEN,DET,BKS,RTG,DOS
932,230005,WING 20KG,0,SABUN COLEK,SBNCLK,KLG,KLG,KLG
933,230006,WING 350K Hijau,0,DETERGEN,DET,BKS,BKS,DOS
934,230007,WING 350K Putih,0,DETERGEN,DET,BKS,BKS,DOS
935,230009,WING 350K Kuning / biru,0,DETERGEN,DET,BKS,BKS,DOS
936,230010,WING 3KG,0,SABUN COLEK,SBNCLK,KLG,KLG,KLG
937,230011,WING 500K Hijau,0,DETERGEN,DET,BKS,BKS,DOS
938,230012,WING 500K Putih,0,DETERGEN,DET,BKS,BKS,DOS
939,230013,WING 500K Biru,0,DETERGEN,DET,BKS,BKS,DOS
940,230014,WING 500K Kuning / nanas,0,DETERGEN,DET,BKS,BKS,DOS
941,230015,WING 5KG,0,SABUN COLEK,SBNCLK,KLG,KLG,KLG
942,230016,WING 900K,0,SABUN COLEK,SBNCLK,BKS,BKS,DOS
943,230017,WING CEPUK 1/2KG,0,SABUN COLEK,SBNCLK,PCS,BH,DOS
944,230018,WING CEPUK 1/4KG,0,SABUN COLEK,SBNCLK,PCS,BH,DOS
945,230019,WING GELAS 350GR,0,DETERGEN,DET,PCS,PCS,LSN
946,230020,WIPOL 240ML 5000an,0,SABUN,SBN,BKS,BKS,DOS
947,230021,WIPOL 450ML,0,SABUN CAIR,SBNCR,BKS,BKS,DOS
948,230022,WIPOL 750ML,0,SABUN CAIR,SBNCR,BKS,BKS,DOS
949,230023,W xxxxxxxx,0,SABUN,SBN,LSN,LSN,DOS
950,230024,WIPOL SC 45ML 1000-AN new,0,,,LSN,LSN,DOS
951,230025,WOW MIE SPAGETTI,0,,,PCS,RTG,DOS
952,230026,W________,0,,,BTL,BTL,DOS
953,230027,W________,0,,,PCS,PCS,PCS
954,230028,W________,0,,,BTL,BTL,DOS
955,230029,W________,0,,,KLG,KLG,KLG
956,230030,W________,0,,,BTL,BTL,DOS
957,230031,W________,0,,,KLG,KLG,KLG
958,230032,W________,0,,,BTL,BTL,DOS
959,230033,W________,0,,,BKS,BKS,DOS
960,240001,X________,0,,,PCS,PCS,PCS
961,240002,X________,0,,,PCS,PCS,PCS
962,240003,X________,0,,,PCS,PCS,PCS
963,240004,X________,0,,,PCS,PCS,PCS
964,240005,X________,0,,,PCS,PCS,PCS
965,240006,X________,0,,,PCS,PCS,PCS
966,240007,X________,0,,,PCS,PCS,PCS
967,240008,X________,0,,,PCS,PCS,PCS
968,240009,X________,0,,,PCS,PCS,PCS
969,240010,X________,0,,,PCS,PCS,PCS
970,240011,X________,0,,,PCS,PCS,PCS
971,240012,X________,0,,,PCS,PCS,PCS
972,240013,X________,0,,,PCS,PCS,PCS
973,240014,X________,0,,,PCS,PCS,PCS
974,240015,X________,0,,,PCS,PCS,PCS
975,130134,MINYAK WIJEN MEJA 135ML LB,0,MISC,MISC,PCS,PCS,LSN
976,110129,KECAP RAJA RASA MJ 135ML LB,0,MISC,MISC,PCS,PCS,LSN
977,10,______faktur campur______,0,MISC,MISC,PCS,PCS,PCS
978,50,EKONOMI PENCUCI 2+1,0,MISC,MISC,PCS,PCS,DOS
979,51,_____ TEMP2,0,MISC,MISC,PCS,PCS,PCS
980,130140,MADU TJ,0,MISC,MISC,KTK,KTK,DOS
981,110130,KACANG HIJAU MINYAK,0,MISC,MISC,KG,KG,ZAK
982,110131,KECAP SAWI RV 5000an,0,MISC,MISC,PCS,PCS,DOS
983,200073,TEPUNG SASA TB 80 ORIGINAL,0,MISC,MISC,RTG,RTG,DUS
984,130141,MINYAK POLOS 900ML,0,MISC,MISC,BTL,BTL,KRAT
985,130142,MINYAK POLOS 800ML,0,MISC,MISC,BTL,BTL,KRAT
986,110132,KECAP KIPAS SATE JRG,0,MISC,MISC,JRG,JRG,JRG
987,110133,KANJI TANI KUNING 25KG,0,MISC,MISC,KG,KG,ZAK
988,160034,PLASTIK BOYO HDPE 1/2kg,0,MISC,MISC,PCS,PCS,IKT
989,160035,PLASTIK BOYO HDPE 1kg,0,MISC,MISC,PCS,PCS,IKT
990,200074,TOTOLE 80GR,0,MISC,MISC,PCS,LOS,DOS
991,130143,MASAKO SAPI 1KG,0,MISC,MISC,BKS,BKS,DOS
992,110134,KOPI JALAK GEBOK,0,MISC,MISC,PCS,PCS,DOS
993,200075,TIGA RODA OBAT NYAMUK,0,MISC,MISC,IKT,IKT,DOS
994,110135,KREMER TIGA SAPI,0,MISC,MISC,KLG,LOS,DOS
995,190162,SUMBO RAJAWALI HIJAU TUA,0,MISC,MISC,BTL,BTL,KTK
996,190163,SUMBO RAJAWALI HIJAU PANDAN,0,MISC,MISC,BTL,BTL,KTK
997,190164,SUMBO RAJAWALI COKLAT,0,MISC,MISC,BTL,BTL,KTK
998,190165,SUMBO RAJAWALI HITAM,0,MISC,MISC,BTL,BTL,KTK
999,190167,SUMBO RAJAWALI HIJAU MUDA,0,MISC,MISC,BTL,BTL,KTK
1000,190166,SAMBAL DUA BELIBIS JRG ,0,MISC,MISC,JRG,JRG,JRG
1001,3,_________,0,MISC,MISC,___,___,___
1002,4,__________,0,MISC,MISC,___,___,___
1003,130144,MIE INDOMIE GR JUMBO,0,MISC,MISC,PCS,PCS,DOS
1004,130145,MAMA SUKA TEPUNG BAKWAN New,0,MISC,MISC,RTG,PRES,DOS
1005,110136,KONJAC ANGGUR,0,MISC,MISC,PCS,KTK,DOS
1006,110137,KONJAC KELAPA,0,MISC,MISC,PCS,KTK,DOS
1007,110138,KONJAC LECI,0,MISC,MISC,PCS,KTK,DOS
1008,110139,KONJAC JERUK,0,MISC,MISC,PCS,KTK,DOS
1009,110140,KONJAC JAMBU,0,MISC,MISC,PCS,KTK,DOS
1010,110141,KONJAC MANGGA,0,MISC,MISC,PCS,KTK,DOS
1011,110142,KONJAC MELON,0,MISC,MISC,PCS,KTK,DOS
1012,110143,KONJAC STRAWBERRY,0,MISC,MISC,PCS,KTK,DOS
1013,110144,KONJAC SIRSAK,0,MISC,MISC,PCS,KTK,DOS
1014,110145,KONJAC COKLAT,0,MISC,MISC,PCS,KTK,DOS
1015,110146,KEJU PROCIZ SPREADY,0,MISC,MISC,PCS,PCS,DOS
1016,190168,SUMBO RAJAWALI MERAH TUA,0,MISC,MISC,BTL,BTL,KTK
1017,SS______,New Product #SS______,0,MISC,MISC,BTL,,
1018,160036,PROTEX RTG DAUN SIRIH,0,MISC,MISC,RTG,RTG,DOS
1019,10045,AGAR AGAR MURNI BAKULAN,0,MISC,MISC,ONS,KG,KG
1020,130146,MINYAK GR RIZKY 800ML BTL,0,MISC,MISC,BTL,BTL,KRAT
1021,990001,PROMO xxx kec sed 5+1,0,MISC,MISC,PCS,LOS,DOS
1022,130147,MINYAK GR KITA RV PILLOW 1L,0,MISC,MISC,BKS,BKS,DOS
1023,190169,SEDAP BUMBU KALDU AYAM 2+1,0,MISC,MISC,RTG,RTG,DOS
1024,110147,KANJI MAWAR 500GR,0,MISC,MISC,BKS,BKS,BAL
1025,200076,TPNG SEGITIGA 500gr DUS,0,MISC,MISC,BKS,BKS,DOS
1026,190170,SAOS TOMAT CAP JEMPOL,0,MISC,MISC,BKS,BKS,BAL
1027,190171,SAOS SAMBAL CAP JEMPOL,0,MISC,MISC,BKS,BKS,BAL
1028,110148,KECAP MANIS CAP JEMPOL 450ML,0,MISC,MISC,BKS,BKS,BAL
1029,130148,MILKU SUSU UHT ORI,0,MISC,MISC,BTL,BTL,KRAT
1030,130149,MIE EKO MIE BUMBU GORENG,0,MISC,MISC,BKS,BKS,DOS
1031,200078,Telur Pi Tan,0,MISC,MISC,PCS,PCS,
1032,990002,PROMO SUNLIGHT 90ML 5+1,0,MISC,MISC,PCS,IKT,DOS
1033,110149,KOPI YA SP / fresco MINI RTG,0,MISC,MISC,RTG,RTG,DOS
1034,190172,SUPERSOL SCT 38ML 1000AN,0,MISC,MISC,LSN,LSN,DOS
1035,160037,PROTEX ISI 8,0,MISC,MISC,BKS,IKT,DOS
1036,190173,SAORI TERIYAKI MJ.,0,MISC,MISC,PCS,PCS,DOS
1037,190174,SAORI LADA HITAM SC,0,MISC,MISC,RTG,RTG,DOS
1038,70047,GULA MERAH TEBU 10kg,0,MISC,MISC,KG,KG,BAL
1039,200079,TEPUNG SASA TB 80 HOT & SPICY,0,MISC,MISC,RTG,RTG,DOS
1040,110150,KUNYIT DESAKU,0,MISC,MISC,RTG,PRES,DOS
1041,110151,KRUPUK KRUFIN UDANG / BAWANG 500GR,0,MISC,MISC,BKS,BKS,DOS
1042,190175,SANTAN SASA / COCOMAXI TCA ISI32,0,MISC,MISC,PCS,PCS,DOS
1043,200080,TONG DJI AMPLOP,0,MISC,MISC,KTK,KTK,KTK
1044,110152,KECAP BANGO RV 1.5KG,0,MISC,MISC,BKS,BKS,DOS
1045,110153,KRUPUK KRUFIN UDANG/ BAWANG 250GR,0,MISC,MISC,BKS,BKS,DOS
1046,200081,TOTOLE 40 GR,0,MISC,MISC,PCS,PCS,DOS
1047,200082,TOTOLE 200GR,0,MISC,MISC,PCS,PCS,DOS
1048,200083,TOTOLE 400 GR,0,MISC,MISC,PCS,PCS,DOS
1049,200084,TPNG LM 1KG DUS,0,MISC,MISC,BKS,BKS,DOS
1050,190176,SAFT MINI SC,0,MISC,MISC,PCS,KTK,DOS
1051,130150,__ MINYAK CR GC,0,MISC,MISC,JRG,JRG,JRG
1052,190177,SASA MICIN RP 500,0,MISC,MISC,PRES,PRES,DOS
1053,110154,K____,0,MISC,MISC,KG,KG,KG
1054,30039,CRH KANJI MAWAR 1 KG,0,MISC,MISC,KG,LOS,KG
1055,30040,CRH TERIGU PAYUNG 1KG,0,MISC,MISC,KG,LOS,KG
1056,30041,CRH TERIGU SGTG 1KG,0,MISC,MISC,KG,LOS,KG
1057,30042,CRH TERIGU CAKRA 1KG,0,MISC,MISC,KG,LOS,KG
1058,110155,KONJAC CINCAU,0,MISC,MISC,PCS,KTK,DOS
1059,110156,KECAP 2 BURUNG 450 ML,0,MISC,MISC,PCS,PC,DOS
1060,130151,MIE KUDA MENJANGAN KL kecil,0,MISC,MISC,BAL,BAL,BAL
1061,130152,MIE SUKSES GEPREK,0,MISC,MISC,PCS,PCS,DOS
1062,130153,MIE SUKSES KREMES,0,MISC,MISC,PCS,PCS,DOS
1063,110157,KACANG TANAH 7MM new,0,MISC,MISC,KG,KG,KG
1064,190178,SOKLIN ROYALE 52ML 1000AN,0,MISC,MISC,RTG,RTG,DOS
1065,110158,KOPI FRESCO CAPPUCINNO,0,MISC,MISC,RTG,RTG,DOS
1066,20086,BENG BENG CHOCOLATOS NEW (ISI 12),0,MISC,MISC,RTG,RTG,DOS
1067,130154,MESES NURI,0,MISC,MISC,KG,KG,DOS
1068,190179,SABUN ZEN,0,MISC,MISC,PCS,LSN,DOS
1069,110159,KECAP SEDAP 60ML 5+1,0,MISC,MISC,BKS,IKT,DOS
