Posisi Stok,,,,,,,,,,
 s.d 25-04-2026,,,,,,,,,,
,,,,,,,,,,
No,Kode,Nama,,,Qty,,,,Selisih,
,,,,,,,,,,
G000001 - MISC,,,,,,,,,,
1,010034,AUTAN SC,1.,DOS,1.,PRES,11.,RTG,0 Hari,
2,020008,BATERAI ABC K.,3.,DOS,4.,KTK,1.,IKT,0 Hari,
3,020009,BATERAI ABC REMOTE,17.,LSN,0.,IKT,0.,PCS,0 Hari,
4,020010,BATERAI ABC T. xxx,0.,IKT,0.,BIJI,0.,BIJI,0 Hari,
5,020013,BAYGON BAKAR K,3.,DOS,29.,KTK,0.,KTK,0 Hari,
6,020014,BAYGON BAKAR LAVENDER,2.,DOS,22.,KTK,0.,KTK,0 Hari,
7,020057,BOTOL B,"1,988.",BTL,0.,BTL,0.,BTL, Hari,
8,020058,BOTOL K,"9,988.",BTL,0.,BTL,0.,BTL, Hari,
9,030012,CITRUN GAJAH 50GR,3.,DOS,3.,PRES,2.,RTG,0 Hari,
10,050010,EDEL ABU GOSOK 250Gr,0.,BAL,11.,LOS,0.,PCS,0 Hari,
11,000050,EKONOMI PENCUCI 2+1,"999,565.",DOS,0.,PCS,0.,PCS,0 Hari,
12,070005,GERIT xxx,0.,PRES,0.,PCS,0.,PCS,0 Hari,
13,080001,HAND BODY SIDIA,2.,DOS,1.,LSN,1.,PRES,0 Hari,
14,080002,HANSAPLAST ISI 100,1.,DOS,13.,KTK,0.,KTK,0 Hari,
15,100003,JURIGEN KOSONG,"9,959.",JRG,0.,JRG,0.,JRG,0 Hari,
16,110018,KARET PIALA / 999,14.,KG,0.,BKS,0.,BKS,0 Hari,
17,110129,KECAP RAJA RASA MJ 135ML LB,1.,LSN,11.,PCS,0.,PCS,0 Hari,
18,110064,KERTAS BUNGKUS GAJAH BR xxx,0.,ZAK,0.,IKT,0.,PRES,0 Hari,
19,110058,KERTAS BUNGKUS GAJAH MR,0.,ZAK,4.,IKT,1.,PRES,0 Hari,
20,110059,KERTAS MERANG,60.,IKT,0.,IKT,0.,IKT,0 Hari,
21,110062,KIWI PASTA 45ML xxx,0.,DOS,0.,KTK,0.,PCS,0 Hari,
22,110102,KUKU BIMA,1.,DOS,9.,PRES,6.,KTK,0 Hari,
23,120002,LAKBAN BESAR xxx,50.,PCS,0.,PCS,0.,PCS, Hari,
24,120008,LILIN POPULAR,7.,DOS,27.,LOS,0.,PAK,0 Hari,
25,130140,MADU TJ xxx,0.,DOS,0.,KTK,0.,KTK,0 Hari,
26,130156,MAMY POKO XL RTG 4+1,2.,DOS,0.,RTG,0.,RTG,0 Hari,
27,130097,MINYAK KAYU PUTIH CAP LANG 60ML,6.,LSN,0.,LOS,0.,BTL,0 Hari,
28,130098,MINYAK TAWON DD xxx,0.,LSN,0.,BTL,0.,BTL, Hari,
29,130099,MINYAK TELON GAJAH 120ML xxx,0.,LSN,0.,BTL,0.,BTL, Hari,
30,130100,MINYAK TELON GAJAH 60ML xxx,0.,LSN,0.,BTL,0.,BTL, Hari,
31,130134,MINYAK WIJEN MEJA 135ML LB,0.,LSN,0.,PCS,0.,PCS,0 Hari,
32,160002,PEMPEK KTLM,"9,916.",PAK,4.,PCS,0.,PCS,0 Hari,
33,990001,PROMO xxx kec sed 5+1 xxx,0.,DOS,0.,LOS,0.,PCS,0 Hari,
34,180004,REXONA SC.,4.,DOS,9.,RTG,0.,RTG,0 Hari,
35,190050,SCOTCH BRITE KAWAT 4K,0.,DOS,1.,LSN,0.5,LSN,0 Hari,
36,190051,SCOTCH BRITE SPON,2.,DOS,6.,LSN,0.,LSN,0 Hari,
37,190067,SIKAT GIGI CIPTADENT ISI 3,0.,KTK,0.,PCS,0.,PCS, Hari,
38,190068,SIKAT GIGI FORMULA,1.,DOS,1.,KTK,0.,BIJI,0 Hari,
39,190069,SIKAT GIGI KODOMO PRO KID xxx,0.,KTK,0.,PCS,0.,PCS, Hari,
40,190073,SILET GOAL,75.,RTG,13.,PCS,0.,PCS,0 Hari,
41,190070,SILET GOAL BLUE 2,60.,PCS,0.,LOS,0.,PCS,0 Hari,
42,190071,SILET GOAL BLUE 3,3.,RTG,3.,PCS,0.,PCS,0 Hari,
43,190072,SILET GOAL KUNING,2.,PCS,0.,LOS,0.,PCS,0 Hari,
44,200001,TALI RAFIA CAP MAWAR,61.,BAL,0.,BAL,0.,BAL, Hari,
45,200075,TIGA RODA OBAT NYAMUK,0.,DOS,0.,IKT,0.,IKT,0 Hari,
46,200046,TOLAK ANGIN,12.,DOS,8.,KTK,0.,KTK,0 Hari,
47,200047,TOLAK ANGIN ANAK,1.,KTK,0.,KTK,0.,KTK,0 Hari,
48,200048,TOLAK LINU CAIR,3.,KTK,0.,KTK,0.,KTK,0 Hari,
49,000000,___ ONGKOS KIRIM,567.,___,0.,___,0.,___,0 Hari,
50,000051,_____ TEMP2,"999,953.",PCS,0.,PCS,0.,PCS,0 Hari,
51,000001,_______,"994,131.",___,0.,___,0.45,___,0 Hari,
25/04/2026 11:07:46,,,,,,,,,Halaman ke 1 dari 22,
Posisi Stok,,,,,,,,,,
 s.d 25-04-2026,,,,,,,,,,
,,,,,,,,,,
No,Kode,Nama,,,Qty,,,,Selisih,
52,000002,________,"499,727.",___,0.,___,0.,___,0 Hari,
53,000003,_________,"10,656.",___,0.,___,0.,___,0 Hari,
54,000004,__________,"10,941.",___,0.,___,0.,___,0 Hari,
,,,,,,,,,,
G000002 - MINUMAN,,,,,,,,,,
55,010001,ADEM SARI,3.,DOS,8.,PRES,0.,PRES,0 Hari,
56,010022,AMH JAHE SUPER,4.,DOS,13.,RTG,0.,RTG,0 Hari,
57,010023,AQUA 1500ML,7.,DOS,7.,BTL,0.,BTL,0 Hari,
58,010024,AQUA 330ML xxx,0.,DOS,0.,DOS,0.,DOS,0 Hari,
59,010025,AQUA 600ML,6.,DOS,16.,BTL,0.,BTL,0 Hari,
60,010026,AQUA GLS,1.,DOS,0.,DOS,0.,DOS,0 Hari,
61,010041,AQUVIVA 1600ML,11.,KRAT,4.,BTL,0.,BTL,0 Hari,
62,010039,AQUVIVA 250ML,0.,KRAT,0.,KRAT,0.,KRAT,0 Hari,
63,010040,AQUVIVA 700ML,47.,KRAT,0.,BTL,7.,BTL,0 Hari,
64,020022,B CHOCODRINK CHOCOlatos WING 2+1,1.,DOS,3.,RTG,0.,RTG,0 Hari,
65,020086,BENG BENG DRINK CHOCOLATOS NEW (ISI 12),16.,DOS,5.,RTG,0.,RTG,0 Hari,
66,020060,BUBUR NESTLE CERELAC HJ xxx,0.,DOS,0.,RTG,0.,RTG,0 Hari,
67,020059,BUBUR NESTLE CERELAC MR xxx,0.,DOS,0.,RTG,0.,RTG,0 Hari,
68,020078,Bubur Sun Hijau,0.,DOS,19.,RTG,0.,RTG,0 Hari,
69,020069,Bubur Sun Merah,2.,DOS,22.,RTG,0.,RTG,0 Hari,
70,030026,CHAMPION xxx,0.,DOS,0.,RTG,0.,RTG,0 Hari,
71,030006,CHEER / CLUB 600ML xxx,0.,DOS,0.,DOS,0.,DOS,0 Hari,
72,030007,CHEER / CLUB GLS xxx,0.,DOS,0.,DOS,0.,DOS,0 Hari,
73,030008,CHEER 1500ML xxx,0.,DOS,0.,DOS,0.,DOS,0 Hari,
74,030009,CHOCOLATOS Coklat,40.,DOS,5.,RTG,0.,RTG,0 Hari,
75,030024,CHOCOLATOS MATCHA/ cream / kurma,12.,DOS,0.,RTG,0.,RTG,0 Hari,
76,030020,CHRYSANTEMUM TEA DALI CHC,0.,DOS,0.,KTK,0.,KTK,0 Hari,
77,030025,CLEO Btl Mini,0.,KRAT,0.,KRAT,0.,KRAT,0 Hari,
78,050004,ENERGEN CEREAL Coklat,21.,DOS,11.,LOS,0.,RTG,0 Hari,
79,050007,ENERGEN CEREAL Jahe XXXX,0.,DOS,0.,LOS,0.,RTG,0 Hari,
80,050006,ENERGEN CEREAL Kacang Hijau,5.,DOS,13.,LOS,0.,RTG,0 Hari,
81,050008,ENERGEN CEREAL Kurma xxx,0.,DOS,0.,RTG,0.,RTG,0 Hari,
82,050005,ENERGEN CEREAL Vanilla,9.,DOS,13.,LOS,0.,RTG,0 Hari,
83,050009,EXTRA JOSS,1.,DOS,2.,PRES,4.,KTK,0 Hari,
84,060001,FLORIDINA xxx,8.,DOS,0.,BTL,0.,BTL,0 Hari,
85,070017,GOLDA,0.,DOS,0.,BTL,0.,BTL,0 Hari,
86,090005,ISOPLUS xxx,0.,DOS,0.,DOS,0.,DOS,0 Hari,
87,110104,KOPI NONGKRONG CUP xxx,0.,DOS,0.,DOS,0.,DOS,0 Hari,
88,110135,KREMER TIGA SAPI,0.,DOS,0.,LOS,0.,KLG,0 Hari,
89,130001,MADURASA xxx,0.,DOS,0.,KTK,0.,KTK,0 Hari,
90,130016,MARJAN SIRUP,7.,DOS,2.,BTL,0.,BTL,0 Hari,
91,130148,MILKU SUSU UHT ORI,0.,KRAT,0.,BTL,0.,BTL,0 Hari,
92,140011,NUTRISARI xxx,0.,DOS,0.,PRES,0.,RTG,0 Hari,
93,190042,SARI JAHE KERATON,3.,DOS,14.,PRES,0.,PRES,0 Hari,
94,190052,SEGAR DINGIN,3.,DOS,0.,PRES,0.5,PRES,0 Hari,
95,190074,SIRUP ABC ORANGE,47.,DOS,8.,BTL,0.,BTL,0 Hari,
96,190075,SIRUP ABC SPC,2.,DOS,11.,BTL,0.,BTL,0 Hari,
97,190114,STMJ SIDOMUNCUL,1.,DOS,4.,PRES,2.,RTG,0 Hari,
98,200006,TEH JAVANA xxx,0.,DOS,0.,BTL,0.,BTL,0 Hari,
,,,,,,,,,,
G000004 - BAHAN KUE,,,,,,,,,,
99,010045,AGAR AGAR MURNI BAKULAN,0.,KG,0.,KG,7.,ONS,0 Hari,
100,010005,AGAR KERETA KENCANA CKLT,11.,DOS,8.,KTK,0.,BKS,0 Hari,
101,010003,AGAR KERETA KENCANA HJ,30.,DOS,0.,KTK,0.,BKS,0 Hari,
25/04/2026 11:07:46,,,,,,,,,Halaman ke 2 dari 22,
Posisi Stok,,,,,,,,,,
 s.d 25-04-2026,,,,,,,,,,
,,,,,,,,,,
No,Kode,Nama,,,Qty,,,,Selisih,
102,010002,AGAR KERETA KENCANA MR,29.,DOS,4.,KTK,0.,BKS,0 Hari,
103,010004,AGAR KERETA KENCANA PTH,60.,DOS,15.,KTK,0.,BKS,0 Hari,
104,010006,AGAR LOS FUJI,96.,KG,0.,KG,1.5,ONS,0 Hari,
105,010010,AGAR SRITI SUPER CKLT,5.,DOS,11.,KTK,0.,BKS,0 Hari,
106,010008,AGAR SRITI SUPER HJ,17.,DOS,2.,KTK,0.,BKS,0 Hari,
107,010007,AGAR SRITI SUPER MR,14.,DOS,22.,KTK,11.,BKS,0 Hari,
108,010009,AGAR SRITI SUPER PTH,38.,DOS,5.,KTK,8.,BKS,0 Hari,
109,010014,AGAR SRITI SY CKLT,3.,DOS,3.,KTK,0.,BKS,0 Hari,
110,010012,AGAR SRITI SY HJ,30.,DOS,10.,KTK,11.,BKS,0 Hari,
111,010011,AGAR SRITI SY MR,27.,DOS,2.,KTK,2.,BKS,0 Hari,
112,010013,AGAR SRITI SY PTH,3.,DOS,16.,KTK,3.,BKS,0 Hari,
113,020005,BAKING POWDER,3.,ZAK,11.,KG,3.,ONS,0 Hari,
114,020006,BAKING POWDER RW,29.,PRES,0.,PRES,0.,PRES,0 Hari,
115,020023,BENZOAT,496.,KG,1.,KG,0.,Ons,0 Hari,
116,060002,FRAMBOZEN LAYAR xxx,0.,LSN,0.,IKT,0.,BTL,0 Hari,
117,060003,FRAMBOZEN LONCENG xxx,0.,LSN,0.,BTL,0.,BTL,0 Hari,
118,100004,JAMUR KUPING SU,4.,PCS,0.,PCS,0.,PCS,0 Hari,
119,100002,JELLY LOS SAKURA,2.,KG,6.,ONS,0.,ONS,0 Hari,
120,110052,KEJU KRAFT 2KG,0.,BOX,0.,BOX,0.,BOX,0 Hari,
121,110146,KEJU PROCIZ SPREADY,22.,DOS,6.,PCS,0.,PCS,0 Hari,
122,110124,KEJU WIN Cheese 2KG xxx,0.,DUS,0.,SLOP,0.,SLOP,0 Hari,
123,110163,Keju Winchiz 250g,0.,DOS,2.,PRES,1.,BKS,0 Hari,
124,110136,KONJAC ANGGUR,6.,DOS,5.,KTK,9.,PCS,0 Hari,
125,110155,KONJAC CINCAU,15.,DOS,8.,KTK,4.,PCS,0 Hari,
126,110145,KONJAC COKLAT,2.,DOS,8.,KTK,6.,PCS,0 Hari,
127,110140,KONJAC JAMBU,0.,DOS,1.,KTK,10.,PCS,0 Hari,
128,110139,KONJAC JERUK,7.,DOS,10.,KTK,0.,PCS,0 Hari,
129,110137,KONJAC KELAPA,19.,DOS,9.,KTK,7.,PCS,0 Hari,
130,110138,KONJAC LECI,10.,DOS,7.,KTK,6.,PCS,0 Hari,
131,110141,KONJAC MANGGA,7.,DOS,0.,KTK,2.,PCS,0 Hari,
132,110142,KONJAC MELON,19.,DOS,3.,KTK,0.,PCS,0 Hari,
133,110144,KONJAC SIRSAK,0.,DOS,0.,KTK,0.,PCS,0 Hari,
134,110143,KONJAC STRAWBERRY,19.,DOS,11.,KTK,0.,PCS,0 Hari,
135,130129,MAKARONI SEDANI xxx,0.,DOS,0.,BKS,0.,BKS,0 Hari,
136,130023,MESES B9,6.,DOS,9.,KG,7.,ONS,0 Hari,
137,130154,MESES NURI,2.,DOS,0.,KG,0.,KG,0 Hari,
138,130121,MINYAK WIJEN 135ML PEGASUS xxx,0.,LSN,0.,PCS,0.,PCS,0 Hari,
139,130120,MUTIARA KUCING,42.,IKT,3.,PRES,20.,BKS,0 Hari,
140,140003,NUTRIJELL K ANGGUR,7.,DOS,5.,KTK,10.,BKS,0 Hari,
141,140010,NUTRIJELL K COKLAT,0.,DOS,0.,KTK,0.,BKS,0 Hari,
142,140012,NUTRIJELL K JAMBU,3.,DOS,7.,KTK,1.,BKS,0 Hari,
143,140006,NUTRIJELL K JERUK,1.,DOS,11.,KTK,2.,BKS,0 Hari,
144,140004,NUTRIJELL K KELAPA MUDA,3.,DOS,9.,KTK,2.,BKS,0 Hari,
145,140013,NUTRIJELL K KURMA CINCAU,0.,DOS,6.,KTK,0.,BKS,0 Hari,
146,140005,NUTRIJELL K LECI,2.,DOS,5.,KTK,1.,BKS,0 Hari,
147,140007,NUTRIJELL K MANGGA,1.,DOS,3.,KTK,8.,BKS,0 Hari,
148,140008,NUTRIJELL K MELON,5.,DOS,5.,KTK,1.5,BKS,0 Hari,
149,140014,NUTRIJELL K PLAIN,0.,DOS,0.,KTK,0.,BKS,0 Hari,
150,140009,NUTRIJELL K STRAWBERRY,0.,DOS,10.,KTK,3.5,BKS,0 Hari,
151,160001,PAK MAYA / ANGEL 500gr,1.,DOS,0.,BKS,0.,BKS,0 Hari,
152,190020,PAK MAYA SC 11GR,0.,KTK,7.,PRES,3.,PCS,0 Hari,
153,160031,Pasta MORIZA xxx,0.,PCS,0.,PCS,0.,PCS,0 Hari,
25/04/2026 11:07:46,,,,,,,,,Halaman ke 3 dari 22,
Posisi Stok,,,,,,,,,,
 s.d 25-04-2026,,,,,,,,,,
,,,,,,,,,,
No,Kode,Nama,,,Qty,,,,Selisih,
154,160032,PEKAK BUNGA LAWANG 1KG xxx,0.,BKS,0.,BKS,0.,BKS,0 Hari,
155,180026,RAGI TAPE NKL,3.,BAL,20.,BKS,0.,BKS,0 Hari,
156,190019,SAFT INSTANT GOLD 500GR,0.,DOS,18.,BKS,0.,BKS,0 Hari,
157,190176,SAFT MINI SC,7.,DOS,50.,KTK,2.,PCS,0 Hari,
158,190044,SARI MANIS TAWON 1 KG,10.,BKS,0.,BKS,0.,BKS,0 Hari,
159,190076,SODA KUE,1.,ZAK,18.,KG,3.,ONS,0 Hari,
160,190154,Soda Kue Jepang,0.,ZAK,1.,KG,0.75,KG,0 Hari,
161,190077,SODA KUE RW,35.,PRES,0.,PRES,0.,PRES,0 Hari,
162,190112,SP TBM QUICK B,5.,PRES,9.,BKS,0.,BKS,0 Hari,
163,190113,SP TBM QUICK K,80.,PRES,4.,BKS,0.,BKS,0 Hari,
164,190164,SUMBO RAJAWALI COKLAT,4.,KTK,11.,BTL,0.,BTL,0 Hari,
165,190161,SUMBO RAJAWALI HIJAU APEL,7.,KTK,7.,BTL,0.,BTL,0 Hari,
166,190167,SUMBO RAJAWALI HIJAU MUDA,9.,KTK,8.,BTL,0.,BTL,0 Hari,
167,190163,SUMBO RAJAWALI HIJAU PANDAN,7.,KTK,10.,BTL,0.,BTL,0 Hari,
168,190162,SUMBO RAJAWALI HIJAU TUA,2.,KTK,10.,BTL,0.,BTL,0 Hari,
169,190165,SUMBO RAJAWALI HITAM,1.,KTK,10.,BTL,0.,BTL,0 Hari,
170,190115,SUMBO RAJAWALI KUNING,10.,KTK,7.,BTL,0.,BTL,0 Hari,
171,190159,SUMBO RAJAWALI MERAH ARBEI,1.,KTK,8.,BTL,0.,BTL,0 Hari,
172,190160,SUMBO RAJAWALI MERAH MUDA,10.,KTK,0.,BTL,0.,BTL,0 Hari,
173,190168,SUMBO RAJAWALI MERAH TUA,6.,KTK,4.,BTL,0.,BTL,0 Hari,
174,200016,TELUR,119.,PETI,0.,KG,0.23,KG,0 Hari,
175,200078,Telur Pi Tan,,,345.,PCS,0.,PCS,0 Hari,
176,220001,VANILI LAYAR BTL K,498.,LSN,4.,BTL,0.,BTL,0 Hari,
177,220002,VANILI LAYAR BUNDAR,0.,DOS,43.,LSN,6.,PAK,0 Hari,
178,220003,VANILI LOKAL xxx,0.,KG,0.,KG,0.,KG,0 Hari,
,,,,,,,,,,
G000005 - MSG,,,,,,,,,,
179,010015,AJINO 1/4KG,8.,DOS,4.,PRES,7.,BKS,0 Hari,
180,010037,AJINO 100gr Rp 5000an,4.,DOS,6.,PRES,7.,PCS,0 Hari,
181,010016,AJINO 1KG HALUS,2.,DOS,2.,BKS,0.,BKS,0 Hari,
182,010017,AJINO 50GR,4.,DOS,9.,PRES,19.,BKS,0 Hari,
183,010020,AJINO P1000,3.,DOS,6.,PRES,0.,BKS,0 Hari,
184,020051,BIO 200GR,1.,DOS,1.,PRES,1.,BKS,0 Hari,
185,020053,BIO P1000,4.,DOS,5.,PRES,0.,BKS,0 Hari,
186,020074,BIO P500 BARU,9.,DOS,14.,PRES,1.,RTG,0 Hari,
187,130018,MASAKO B. P500 AYM,13.,DOS,3.,LBR,1.,RTG,0 Hari,
188,130019,MASAKO B. P500 SP,31.,DOS,8.,LBR,4.,RTG,0 Hari,
189,130143,MASAKO SAPI 1KG,0.,DOS,0.,BKS,0.,BKS,0 Hari,
190,180017,ROYCO AYAM 1KG,11.,DOS,0.,BKS,0.,BKS,0 Hari,
191,180021,ROYCO AYAM 220gr,1.,DOS,17.,PCS,0.,PCS,0 Hari,
192,180023,ROYCO IKAN SC,2.,DOS,18.,LOS,0.,RTG,0 Hari,
193,180016,ROYCO SAPI 220GR,9.,DOS,5.,BKS,0.,BKS,0 Hari,
194,180019,ROYCO SC 500AN AYM,0.,DOS,17.,LOS,0.,RTG,0 Hari,
195,180018,ROYCO SC 500AN SP,12.,DOS,3.,LOS,0.,RTG,0 Hari,
196,190043,SARI MANIS BELL,0.,DOS,35.,PRES,0.,BKS,0 Hari,
197,190047,SASA 1KG MICIN,0.,DOS,0.,BKS,0.,BKS,0 Hari,
198,190048,SASA 250GR MICIN,2.,DOS,1.,LOS,0.,BKS,0 Hari,
199,190177,SASA MICIN RP 500,2.,DOS,0.,PRES,0.,PRES,0 Hari,
200,190049,SASA RP1000 MICIN,0.,DOS,0.,PRES,0.,BKS,0 Hari,
201,190157,SEDAP BUMBU KALDU SAPI 2+1,0.,DOS,23.,RTG,0.,RTG,0 Hari,
202,200082,TOTOLE 200GR,14.,DOS,24.,PCS,0.,PCS,0 Hari,
203,200081,TOTOLE 40 GR,5.,DOS,0.,PCS,0.,PCS,0 Hari,
204,200083,TOTOLE 400 GR,12.,DOS,18.,PCS,0.,PCS,0 Hari,
25/04/2026 11:07:46,,,,,,,,,Halaman ke 4 dari 22,
Posisi Stok,,,,,,,,,,
 s.d 25-04-2026,,,,,,,,,,
,,,,,,,,,,
No,Kode,Nama,,,Qty,,,,Selisih,
205,200074,TOTOLE 80 GR,4.,DOS,23.,LOS,0.,PCS,0 Hari,
,,,,,,,,,,
G000006 - BUMBU,,,,,,,,,,
206,020073,BAWANG GORENG BJ 100GR,6.,DOS,4.,PRES,5.,PCS,0 Hari,
207,020072,BAWANG GORENG BJ 50gr,0.,DOS,0.,PRES,0.,PCS,0 Hari,
208,020055,BON CABE LV 15 / 30 xxx,0.,DOS,0.,PRES,0.,RTG,0 Hari,
209,020063,BUMBU RACIK ASEM,2.,DOS,2.,LOS,0.,RTG,0 Hari,
210,020064,BUMBU RACIK AYAM,4.,DOS,6.,LOS,0.,RTG,0 Hari,
211,020065,BUMBU RACIK IKAN,2.,DOS,0.,LOS,0.,RTG,0 Hari,
212,020066,BUMBU RACIK NASI GORENG,4.,DOS,0.,LOS,0.,RTG,0 Hari,
213,020062,BUMBU RACIK SOP,7.,DOS,3.,LOS,0.,RTG,0 Hari,
214,020061,BUMBU RACIK TEMPE,2.,DOS,5.,LOS,0.,RTG,0 Hari,
215,030021,CABE BUBUK SPC,7.,KG,0.,KG,0.,KG,0 Hari,
216,030022,CUKA KKK Btl,1.,DOS,3.,BTL,0.,BTL,0 Hari,
217,030019,CUKA SUKA SARI,9.,DOS,1.,LSN,1.,PAK,0 Hari,
218,040014,DESAKU CABE BUBUK SC,3.,DOS,0.,RTG,0.,RTG,0 Hari,
219,040011,DESAKU MARINASI,7.,DOS,11.,LOS,0.,RTG,0 Hari,
220,040007,DESAKU TUMBAR P1000,3.,DOS,2.,PRES,0.,RTG,0 Hari,
221,040012,DETERGEN BOOM CINTA / SAYANG 260GR 2+1,5.,DOS,6.,IKT,0.,PCS,0 Hari,
222,110164,KARA CAIR 1000ML,8.,DOS,5.,PCS,0.,PCS,0 Hari,
223,110150,KUNYIT DESAKU,5.,DOS,5.,PRES,0.,RTG,0 Hari,
224,120001,LADAKU 1000AN,14.,DOS,2.,PRES,0.,RTG,0 Hari,
225,130155,MAGIC LEZAT 10+1 NEW,1.,DOS,10.,LBR,1.,RTG,0 Hari,
226,130005,MAMA KUAH BAKSO,0.,DOS,0.,PRES,0.,RTG,0 Hari,
227,130006,MAMA KUAH SOP,0.,DOS,0.,PRES,0.,RTG, Hari,
228,130017,MASAKO 250GR,4.,DOS,5.,LOS,0.,BKS,0 Hari,
229,130022,MERICA PELANGI,1.,BAL,6.,PRES,8.,BKS,0 Hari,
230,160012,PETIS SL,0.,KLG,0.,KLG,0.,ISI,0 Hari,
231,190181,SAJIKU 220,2.,DOS,0.,BKS,0.,BKS,0 Hari,
232,190021,SAJIKU NASI GORENG,2.,DOS,12.,RTG,0.,RTG, Hari,
233,190022,SAJIKU TEPUNG BUMBU K.1500,0.,DOS,0.,RTG,0.,RTG,0 Hari,
234,190026,SANTAN KARA TCA,144.,DOS,4.,BKS,0.,BKS,0 Hari,
235,190029,SAORI TIRAM SC,7.,DOS,10.,RTG,0.,RTG,0 Hari,
236,190169,SEDAP BUMBU KALDU AYAM 2+1,3.,DOS,18.,RTG,0.,RTG,0 Hari,
237,200065,TEPUNG BUMBU RACIK 32gr,29.,DOS,13.,RTG,0.,RTG,0 Hari,
238,200066,TEPUNG RACIK KRISPI,0.,DOS,6.,RTG,0.,RTG,0 Hari,
239,200045,TERASI ABC,4.,DOS,0.,PAK,0.,PAK,0 Hari,
240,040013,XXXXXX DESAKU BAWANG PUTIH BUBUK SC xxx,0.,DOS,0.,PRES,0.,RTG,0 Hari,
241,130002,xxxxxx MAgxxxx,0.,DOS,0.,LBR,0.,RTG,0 Hari,
,,,,,,,,,,
G000007 - TEPUNG,,,,,,,,,,
242,010021,ALPINA xxx,0.,KG,0.,ONS,0.,ONS,0 Hari,
243,030039,CRH KANJI MAWAR 1 KG,"999,179.",KG,0.,LOS,0.,KG,0 Hari,
244,030042,CRH TERIGU CAKRA 1KG,"999,868.",KG,0.,LOS,0.25,KG,0 Hari,
245,030040,CRH TERIGU PAYUNG 1KG,"998,863.",KG,0.,LOS,0.5,KG,0 Hari,
246,030041,CRH TERIGU SGTG 1KG,"998,504.",KG,0.,LOS,0.75,KG,0 Hari,
247,110007,KANJI B 200gr,26.,BAL,0.,BKS,0.,BKS,0 Hari,
248,110006,KANJI B 400gr,4.,BAL,0.,BKS,0.,BKS,0 Hari,
249,110008,KANJI GAJAH LAUT 10KG,0.,BAL,0.,BKS,0.,BKS, Hari,
250,110009,KANJI GUNUNG DUS,0.,DOS,0.,BKS,0.,BKS, Hari,
251,110010,KANJI K 150 GR,13.,BAL,0.,BKS,0.,BKS,0 Hari,
252,110011,KANJI K MINI 1500an,17.,BAL,0.,BAL,0.,BAL,0 Hari,
253,110012,KANJI MAWAR,30.,ZAK,0.,LOS,0.,KG,0 Hari,
254,110147,KANJI MAWAR 500GR,5.,BAL,16.,BKS,0.,BKS,0 Hari,
25/04/2026 11:07:46,,,,,,,,,Halaman ke 5 dari 22,
Posisi Stok,,,,,,,,,,
 s.d 25-04-2026,,,,,,,,,,
,,,,,,,,,,
No,Kode,Nama,,,Qty,,,,Selisih,
255,110013,KANJI PANDA,11.,ZAK,0.,LOS,0.,KG,0 Hari,
256,110133,KANJI TANI KUNING 25KG,40.,ZAK,0.,KG,0.,KG,0 Hari,
257,110116,KANJI TANI KUNING 500gr,20.,DOS,3.,BKS,0.,BKS,0 Hari,
258,110015,KANJI TANI LTK 1KG,29.,DOS,19.,BKS,0.,BKS,0 Hari,
259,110014,KANJI TERONG,19.,ZAK,0.,LOS,0.,KG,0 Hari,
260,130003,MAIZENA KTK HAWAI,17.,DOS,10.,KTK,0.,KTK,0 Hari,
261,130004,MAIZENA LOS,11.,ZAK,7.,LOS,0.5,KG,0 Hari,
262,130145,MAMA SUKA TEPUNG BAKWAN New xxx,0.,DOS,0.,PRES,0.,RTG,0 Hari,
263,130011,MAMA TEPUNG BAKSO xxx,0.,DOS,0.,RTG,0.,RTG, Hari,
264,160030,PEMUTIH KUE xxx,0.,KG,0.,ONS,0.,ONS,0 Hari,
265,200068,TEPUNG BERAS BOLA,0.,DOS,0.,KG,0.,PCS,0 Hari,
266,200017,TEPUNG BERAS KAMALIA xxx,0.,ZAK,0.,PRES,0.,PRES, Hari,
267,200018,TEPUNG BERAS KLAMPOK 25KG xxx,0.,ZAK,0.,KG,0.,KG, Hari,
268,200019,TEPUNG BERAS MATAHARI,2.,ZAK,10.,PRES,0.,PRES,0 Hari,
269,200020,TEPUNG BERAS NE,2.,DOS,2.,KG,0.,KG,0 Hari,
270,200021,TEPUNG BERAS ROSE 500GR,220.,DOS,3.,KG,1.,BKS,0 Hari,
271,200022,TEPUNG BERAS VIRGO BR.,0.,ZAK,14.,PRES,0.,PAK,0 Hari,
272,200023,TEPUNG BERAS VIRGO MR. xxx,0.,ZAK,0.,PRES,0.,PRES, Hari,
273,200024,TEPUNG BUMBU JEMPOL B,0.,PRES,0.,PRES,0.,PRES,0 Hari,
274,200025,TEPUNG BUMBU JEMPOL K,6.,DOS,5.,PRES,0.,PRES,0 Hari,
275,200063,TEPUNG BUMBU SASA 1KG,0.,DOS,0.,BKS,0.,BKS,0 Hari,
276,200026,TEPUNG BUMBU SASA P1000,15.,DOS,10.,PRES,0.,PRES,0 Hari,
277,200029,TEPUNG DF / Wilis (LOW),250.,ZAK,0.,KG,0.,KG,0 Hari,
278,200030,TEPUNG HUNG KWEE KURA,4.,DOS,0.,PRES,0.,BKS,0 Hari,
279,200031,TEPUNG KETAN BOLA /  NE,0.,DOS,0.,KG,0.,KG,0 Hari,
280,200032,TEPUNG KETAN ROSE 500GR,67.,DOS,5.,KG,0.,BKS,0 Hari,
281,200033,TEPUNG KOBE CRISPY 2000AN,0.,DOS,0.,RTG,0.,RTG,0 Hari,
282,200034,TEPUNG KOBE K,0.,DOS,0.,PRES,0.,BKS, Hari,
283,200035,TEPUNG KOBE TEMPE B.,0.,DOS,0.,PRES,0.,RTG, Hari,
284,200037,TEPUNG ROTI,2.,ZAK,8.,KG,0.5,KG,0 Hari,
285,200070,TEPUNG SAGU AREN,3.,ZAK,26.,KG,0.6,KG,0 Hari,
286,200038,TEPUNG SASA TB 80 BAKWAN,4.,DOS,4.,RTG,0.,RTG,0 Hari,
287,200079,TEPUNG SASA TB 80 HOT & SPICY,1.,DOS,1.,RTG,0.,RTG,0 Hari,
288,200039,TEPUNG SASA TB 80 KENTAKY,4.,DOS,0.,RTG,0.,RTG,0 Hari,
289,200073,TEPUNG SASA TB 80 ORIGINAL,3.,DUS,1.,RTG,0.,RTG,0 Hari,
290,200040,TEPUNG SASA TB 80 PISANG,2.,DOS,3.,RTG,0.,RTG,0 Hari,
291,200064,TEPUNG TEGU xxx,0.,ZAK,0.,ZAK,0.,ZAK,0 Hari,
292,200043,TEPUNG TERIGU KUNCI xxx,0.,ZAK,0.,ZAK,0.,ZAK, Hari,
293,200044,TEPUNG VIRGO PEYEK K.,3.,ZAK,4.,PRES,4.,PAK,0 Hari,
294,200067,TPNG CAKRA 1KG  DUS,7.,DUS,0.,PCS,0.,PCS,0 Hari,
295,200027,TPNG CAKRA 25KG,17.,ZAK,0.,LOS,0.,KG,0 Hari,
296,200084,TPNG LM 1KG DUS,0.,DOS,0.,BKS,0.,BKS,0 Hari,
297,200036,TPNG LM 25KG,17.,ZAK,0.,ZAK,0.,ZAK,0 Hari,
298,200028,TPNG PAYUNG 25KG,33.,ZAK,0.,LOS,0.,KG,0 Hari,
299,200041,TPNG SEGITIGA 1KG DUS,27.,DOS,0.,BKS,0.,KG,0 Hari,
300,200076,TPNG SEGITIGA 500gr DUS,0.,DOS,0.,BKS,0.,BKS,0 Hari,
301,200042,TPNG SGTG 25KG,-7.,ZAK,0.,LOS,0.,KG,0 Hari,
,,,,,,,,,,
G000008 - DETERGEN,,,,,,,,,,
302,010029,ATTACK EASY 700GR xxxxx,0.,DOS,0.,BKS,0.,BKS,0 Hari,
303,010030,ATTACK EASY CAIR 42ML xxxxx,0.,DOS,0.,LSN,0.,LSN,0 Hari,
304,010031,ATTACK JAZ1 45GR xxxxx,0.,DOS,0.,LSN,0.,RTG,0 Hari,
305,010032,ATTACK JAZ1 900GR xxxxx,0.,DOS,0.,BKS,0.,BKS,0 Hari,
25/04/2026 11:07:46,,,,,,,,,Halaman ke 6 dari 22,
Posisi Stok,,,,,,,,,,
 s.d 25-04-2026,,,,,,,,,,
,,,,,,,,,,
No,Kode,Nama,,,Qty,,,,Selisih,
306,010033,ATTACK SOFT EASY SC 50GR xxxxx,0.,DOS,0.,LSN,0.,RTG,0 Hari,
307,020056,BOOM DETERGEN 430GR xxx,0.,DOS,0.,BKS,0.,BKS,0 Hari,
308,040010,DAIA / SOKLIN 555GR 10k,16.,DOS,10.,BKS,0.,BKS,0 Hari,
309,040001,DAIA 380GR,60.,DOS,0.,LOS,0.,BKS,0 Hari,
310,040002,DAIA 800GR,0.,DOS,8.,LOS,0.,BKS,0 Hari,
311,040003,DAIA PK SC,47.,DOS,3.,LSN,0.,LSN,0 Hari,
312,040008,DOWNY 1000an,2.,DOS,15.,LSN,0.,LSN,0 Hari,
313,040009,DOWNY 500an,0.,DOS,46.,LSN,0.,LSN,0 Hari,
314,180020,RINSO 195GR P5000 ISI 18,19.,DOS,15.,BKS,0.,BKS,0 Hari,
315,180005,RINSO 770 GR,1.,DOS,11.,BKS,0.,BKS,0 Hari,
316,180006,RINSO CAIR 800ML,4.,DOS,5.,BKS,0.,BKS,0 Hari,
317,180007,RINSO CAIR SC. (isi 12 lsn),6.,DOS,0.,LSN,0.,LSN,0 Hari,
318,180024,RINSO CAIR SC. (ISI 8),8.,DOS,0.,LSN,0.,LSN,0 Hari,
319,180009,RINSO SC 50GR,1.,DOS,9.,LSN,0.5,LSN,0 Hari,
320,190155,SO SOFT SC 80ML,22.,DOS,8.,RTG,0.,RTG,0 Hari,
321,190084,SOKLIN ALL IN 60GR xxx,0.,DOS,0.,LSN,0.,LSN,0 Hari,
322,190131,SOKLIN BIOMATIC FRONT LOAD 1KG,6.,DOS,10.,PCS,0.,PCS,0 Hari,
323,190085,SOKLIN BUBUK 5000an,17.,DOS,21.,BKS,0.,BKS,0 Hari,
324,190086,SOKLIN BUBUK 800GR,2.,DOS,4.,BKS,0.,BKS,0 Hari,
325,190088,SOKLIN BUBUK PK,54.,DOS,0.,LSN,0.5,LSN,0 Hari,
326,190091,SOKLIN LANTAI RF 1000AN,2.,DOS,2.,LSN,6.,BKS,0 Hari,
327,190103,SOKLIN PEWANGI GLAMOR SC. xxx,0.,DOS,0.,PRES,0.,RTG,0 Hari,
328,190178,SOKLIN ROYALE 52ML 1000AN,0.,DOS,4.,RTG,0.,RTG,0 Hari,
329,190106,SOKLIN ROYALE SC. P500,4.,DOS,1.,PRES,0.,RTG,0 Hari,
330,190152,SOKLIN SMART 725Gr,5.,DOS,0.,BKS,0.,BKS,0 Hari,
331,190110,SOKLIN SOFTENER RF 1000AN xxx,0.,DOS,0.,BKS,0.,BKS,0 Hari,
332,190149,SUNLIGHT CAIR 650ML,70.,DOS,4.,PCS,0.,PCS,0 Hari,
333,190156,SUPERSOL 230ML,1.,DOS,2.,PCS,0.,PCS,0 Hari,
334,190124,SUPERSOL RV 800ML,7.,DOS,8.,BKS,0.,BKS,0 Hari,
335,230002,WING 12KG,7.,KLG,0.,KLG,0.,KLG,0 Hari,
336,230003,WING 200K Hijau,2.,DOS,0.,RTG,0.,BKS,0 Hari,
337,230004,WING 200K Putih,0.,DOS,0.,RTG,0.,BKS,0 Hari,
338,230005,WING 20KG,0.,KLG,0.,KLG,0.,KLG,0 Hari,
339,230006,WING 350K Hijau,32.,DOS,48.,BKS,0.,BKS,0 Hari,
340,230009,WING 350K Kuning / biru,5.,DOS,0.,BKS,0.,BKS,0 Hari,
341,230007,WING 350K Putih,19.,DOS,7.,BKS,0.,BKS,0 Hari,
342,230010,WING 3KG,16.,KLG,0.,KLG,0.,KLG,0 Hari,
343,230013,WING 500K Biru,13.,DOS,24.,BKS,0.,BKS,0 Hari,
344,230011,WING 500K Hijau,62.,DOS,28.,BKS,0.,BKS,0 Hari,
345,230014,WING 500K Kuning / nanas,9.,DOS,8.,BKS,0.,BKS,0 Hari,
346,230012,WING 500K Putih,30.,DOS,4.,BKS,0.,BKS,0 Hari,
347,230015,WING 5KG,33.,KLG,0.,KLG,0.,KLG,0 Hari,
348,230016,WING 900K,9.,DOS,6.,BKS,0.,BKS,0 Hari,
349,230017,WING CEPUK 1/2KG xxx,0.,DOS,0.,BH,0.,PCS,0 Hari,
350,230018,WING CEPUK 1/4KG xxx,0.,DOS,0.,BH,0.,PCS,0 Hari,
351,230019,WING GELAS 350GR xxx,0.,LSN,0.,PCS,0.,PCS,0 Hari,
352,230020,WIPOL 240ML 5000an,11.,DOS,12.,BKS,0.,BKS,0 Hari,
353,230024,WIPOL SC 45ML 1000-AN new,1.,DOS,1.,LSN,0.,LSN,0 Hari,
,,,,,,,,,,
G000010 - ,,,,,,,,,,
354,010035,AXXXXXXXX,0.,KG,0.,KG,0.,KG,0 Hari,
355,010036,AXXXXXXXXXXX,0.,DOS,0.,PRES,0.,PCS,0 Hari,
356,010042,A________,0.,PCS,0.,PCS,0.,PCS, Hari,
25/04/2026 11:07:46,,,,,,,,,Halaman ke 7 dari 22,
Posisi Stok,,,,,,,,,,
 s.d 25-04-2026,,,,,,,,,,
,,,,,,,,,,
No,Kode,Nama,,,Qty,,,,Selisih,
357,010043,A________,0.,PCS,0.,PCS,0.,PCS, Hari,
358,010044,A________,0.,PCS,0.,PCS,0.,PCS, Hari,
359,020027,BE XXXXXXXXX,0.,BKS,0.,BKS,0.,BKS,0 Hari,
360,020054,BI XXXXXXXXX,0.,DOS,0.,PRES,0.,RTG,0 Hari,
361,020052,BIO 40GR xxx,0.,DOS,0.,PRES,0.,BKS,0 Hari,
362,020067,BIO PLUS 230ML xxx,0.,DOS,0.,BKS,0.,BKS,0 Hari,
363,020068,BIO PLUS 780ML xxx,0.,DOS,0.,BKS,0.,BKS,0 Hari,
364,020084,B________,0.,PCS,0.,PCS,0.,PCS, Hari,
365,020085,B________,0.,PCS,0.,PCS,0.,PCS, Hari,
366,030028,C_______,0.,PCS,0.,PCS,0.,PCS, Hari,
367,030036,C________,0.,PCS,0.,PCS,0.,PCS, Hari,
368,030029,C________,0.,PCS,0.,PCS,0.,PCS, Hari,
369,030037,C________,0.,PCS,0.,PCS,0.,PCS, Hari,
370,030030,C________,0.,PCS,0.,PCS,0.,PCS, Hari,
371,030038,C________,0.,PCS,0.,PCS,0.,PCS, Hari,
372,030031,C________,0.,PCS,0.,PCS,0.,PCS, Hari,
373,030032,C________,0.,PCS,0.,PCS,0.,PCS, Hari,
374,030033,C________,0.,PCS,0.,PCS,0.,PCS, Hari,
375,030034,C________,0.,PCS,0.,PCS,0.,PCS, Hari,
376,030035,C________,0.,PCS,0.,PCS,0.,PCS, Hari,
377,040017,DAIA 2700GR,2.,DOS,2.,PCS,0.,PCS,0 Hari,
378,040016,DESAKU BAWANG PUTIH BUBUK SC baru,2.,DOS,5.,PRES,2.,RTG,0 Hari,
379,040022,D_______,0.,PCS,0.,PCS,0.,PCS, Hari,
380,040023,D_______,0.,PCS,0.,PCS,0.,PCS, Hari,
381,040024,D_______,0.,PCS,0.,PCS,0.,PCS, Hari,
382,040025,D_______,0.,PCS,0.,PCS,0.,PCS, Hari,
383,040018,D_______,0.,PCS,0.,PCS,0.,PCS, Hari,
384,040026,D_______,0.,PCS,0.,PCS,0.,PCS, Hari,
385,040019,D_______,0.,PCS,0.,PCS,0.,PCS, Hari,
386,040027,D_______,0.,PCS,0.,PCS,0.,PCS, Hari,
387,040020,D_______,0.,PCS,0.,PCS,0.,PCS, Hari,
388,040028,D_______,0.,PCS,0.,PCS,0.,PCS, Hari,
389,040021,D_______,0.,PCS,0.,PCS,0.,PCS, Hari,
390,040029,D_______,0.,PCS,0.,PCS,0.,PCS, Hari,
391,050012,E________,0.,PCS,0.,PCS,0.,PCS, Hari,
392,050013,E________,0.,PCS,0.,PCS,0.,PCS, Hari,
393,050014,E________,0.,PCS,0.,PCS,0.,PCS, Hari,
394,060004,F________,0.,PCS,0.,PCS,0.,PCS, Hari,
395,060005,F________,0.,PCS,0.,PCS,0.,PCS, Hari,
396,060006,F________,0.,PCS,0.,PCS,0.,PCS, Hari,
397,060007,F________,0.,PCS,0.,PCS,0.,PCS, Hari,
398,060008,F________,0.,PCS,0.,PCS,0.,PCS, Hari,
399,070021,G 1 xxxx,0.,DOS,0.,PRES,0.,RTG,0 Hari,
400,070024,G xxx,0.,DOS,0.,PRES,0.,RTG,0 Hari,
401,070022,G xxxx,0.,DOS,0.,PRES,0.,RTG,0 Hari,
402,070023,G xxxx,0.,DOS,0.,PRES,0.,RTG,0 Hari,
403,070045,GARAM PASAR RAME,47.,BAL,0.,BAL,3.,BKS,0 Hari,
404,070046,G________,0.,PCS,0.,PCS,0.,PCS, Hari,
405,080007,H________,0.,PCS,0.,PCS,0.,PCS, Hari,
406,080008,H________,0.,PCS,0.,PCS,0.,PCS, Hari,
407,080009,H________,0.,PCS,0.,PCS,0.,PCS, Hari,
408,080010,H________,0.,PCS,0.,PCS,0.,PCS, Hari,
25/04/2026 11:07:46,,,,,,,,,Halaman ke 8 dari 22,
Posisi Stok,,,,,,,,,,
 s.d 25-04-2026,,,,,,,,,,
,,,,,,,,,,
No,Kode,Nama,,,Qty,,,,Selisih,
409,080011,H________,0.,PCS,0.,PCS,0.,PCS, Hari,
410,080012,H________,0.,PCS,0.,PCS,0.,PCS, Hari,
411,080013,H________,0.,PCS,0.,PCS,0.,PCS, Hari,
412,090009,I________,0.,PCS,0.,PCS,0.,PCS, Hari,
413,090010,I________,0.,PCS,0.,PCS,0.,PCS, Hari,
414,090011,I________,0.,PCS,0.,PCS,0.,PCS, Hari,
415,090012,I________,0.,PCS,0.,PCS,0.,PCS, Hari,
416,090013,I________,0.,PCS,0.,PCS,0.,PCS, Hari,
417,090006,I________,0.,PCS,0.,PCS,0.,PCS, Hari,
418,090014,I________,0.,PCS,0.,PCS,0.,PCS, Hari,
419,090007,I________,0.,PCS,0.,PCS,0.,PCS, Hari,
420,090015,I________,0.,PCS,0.,PCS,0.,PCS, Hari,
421,090008,I________,0.,PCS,0.,PCS,0.,PCS, Hari,
422,100010,J________,0.,PCS,0.,PCS,0.,PCS, Hari,
423,100011,J________,0.,PCS,0.,PCS,0.,PCS, Hari,
424,100012,J________,0.,PCS,0.,PCS,0.,PCS, Hari,
425,100013,J________,0.,PCS,0.,PCS,0.,PCS, Hari,
426,100006,J________,0.,PCS,0.,PCS,0.,PCS, Hari,
427,100007,J________,0.,PCS,0.,PCS,0.,PCS, Hari,
428,100008,J________,0.,PCS,0.,PCS,0.,PCS, Hari,
429,100009,J________,0.,PCS,0.,PCS,0.,PCS, Hari,
430,110069,KOPI JAxxxxxxx,0.,IKT,0.,RTG,0.,RTG,0 Hari,
431,110125,KOPI XXXX,0.,DOS,0.,RTG,0.,RTG,0 Hari,
432,110093,KRESEK 02* xxxx,0.,IKT,0.,BKS,0.,BKS,0 Hari,
433,110091,KRESEK 02*21 xxxx,0.,IKT,0.,BKS,0.,BKS,0 Hari,
434,110103,KUXXXXXX,0.,DOS,0.,PRES,0.,RTG,0 Hari,
435,110105,KXXX ANGGUR XXXX,0.,DOS,0.,KTK,0.,PCS,0 Hari,
436,110114,KXXX COKLAT XXXX,0.,DOS,0.,KTK,0.,PCS,0 Hari,
437,110109,KXXX JAMBU XXXX,0.,DOS,0.,KTK,0.,PCS,0 Hari,
438,110108,KXXX JERUK XXXX,0.,DOS,0.,KTK,0.,PCS,0 Hari,
439,110106,KXXX KELAPA XXXX,0.,DOS,0.,KTK,0.,PCS,0 Hari,
440,110107,KXXX LECI XXXX,0.,DOS,0.,KTK,0.,PCS,0 Hari,
441,110110,KXXX MANGGA XXXX,0.,DOS,0.,KTK,0.,PCS,0 Hari,
442,110111,KXXX MELON XXXX,0.,DOS,0.,KTK,0.,PCS,0 Hari,
443,110113,KXXX SIRSAK XXXX,0.,DOS,0.,KTK,0.,PCS,0 Hari,
444,110112,KXXX STRAWBERRY XXXX,0.,DOS,0.,KTK,0.,PCS,0 Hari,
445,110004,Kxxxxxxxxxx,0.,KG,0.,KG,0.,KG,0 Hari,
446,110154,K____,0.,KG,0.,KG,0.,KG,0 Hari,
447,110065,K________,0.,PCS,0.,PCS,0.,PCS, Hari,
448,120009,LUW   xxxx ,0.,DOS,0.,RTG,0.,RTG,0 Hari,
449,120014,LUWAK GULA,8.,DOS,5.,LOS,0.,RTG,0 Hari,
450,120015,L________,0.,PCS,0.,PCS,0.,PCS, Hari,
451,120016,L________,0.,PCS,0.,PCS,0.,PCS, Hari,
452,120017,L________,0.,PCS,0.,PCS,0.,PCS, Hari,
453,120018,L________,0.,PCS,0.,PCS,0.,PCS, Hari,
454,120019,L________,0.,PCS,0.,PCS,0.,PCS, Hari,
455,130010,MAMA xxxxxx,0.,DOS,0.,PRES,0.,PRES,0 Hari,
456,130039,MIE xxxxxxxxxxxxxxxx JANTAYU 1KG ISI 10 xxx,0.,PRES,0.,PRES,0.,PRES,0 Hari,
457,130128,MINYAK GR KITA RV 1L,2.,DOS,0.,PCS,0.,PCS,0 Hari,
458,130122,MINYAK GR XXXX,0.,BKS,0.,BKS,0.,BKS,0 Hari,
459,130063,MINYAK GR XXXXXXX,0.,DOS,0.,BKS,0.,BKS,0 Hari,
460,SS______,New Product #SS______,,,,,0.,BTL,0 Hari,
25/04/2026 11:07:46,,,,,,,,,Halaman ke 9 dari 22,
Posisi Stok,,,,,,,,,,
 s.d 25-04-2026,,,,,,,,,,
,,,,,,,,,,
No,Kode,Nama,,,Qty,,,,Selisih,
461,140018,N________,0.,PCS,0.,PCS,0.,PCS, Hari,
462,140019,N________,0.,PCS,0.,PCS,0.,PCS, Hari,
463,140020,N________,0.,PCS,0.,PCS,0.,PCS, Hari,
464,140021,N________,0.,PCS,0.,PCS,0.,PCS, Hari,
465,140015,N________,0.,PCS,0.,PCS,0.,PCS, Hari,
466,140016,N________,0.,PCS,0.,PCS,0.,PCS, Hari,
467,140017,N________,0.,PCS,0.,PCS,0.,PCS, Hari,
468,150005,O________,0.,PCS,0.,PCS,0.,PCS, Hari,
469,150006,O________,0.,PCS,0.,PCS,0.,PCS, Hari,
470,150007,O________,0.,PCS,0.,PCS,0.,PCS, Hari,
471,150008,O________,0.,PCS,0.,PCS,0.,PCS, Hari,
472,150001,O________,0.,PCS,0.,PCS,0.,PCS, Hari,
473,150009,O________,0.,PCS,0.,PCS,0.,PCS, Hari,
474,150002,O________,0.,PCS,0.,PCS,0.,PCS, Hari,
475,150010,O________,0.,PCS,0.,PCS,0.,PCS, Hari,
476,150003,O________,0.,PCS,0.,PCS,0.,PCS, Hari,
477,150004,O________,0.,PCS,0.,PCS,0.,PCS, Hari,
478,160033,P________,0.,PCS,0.,PCS,0.,PCS, Hari,
479,180027,RINSO SC 40GR BARU,22.,SAK,2.,LSN,0.5,LSN,0 Hari,
480,180008,RINxx xxxx,0.,DOS,0.,BKS,0.,BKS,0 Hari,
481,180028,R________,0.,PCS,0.,PCS,0.,PCS, Hari,
482,180029,R________,0.,PCS,0.,PCS,0.,PCS, Hari,
483,190126,S XXXXX   SUPERSOL SC,0.,DOS,0.,PRES,0.,LSN,0 Hari,
484,190125,S XXXXX SUPERSOL RV48ML,0.,DOS,0.,BKS,0.,BKS,0 Hari,
485,190028,SAXXXXXX,0.,DOS,0.,IKT,0.,BKS,0 Hari,
486,190083,SOKLIN xxxxx,0.,DOS,0.,PRES,0.,RTG,0 Hari,
487,190087,SOKLIN xxxxxxxxxxx BUBUK MB xxx,0.,DOS,0.,LSN,0.,LSN,0 Hari,
488,200013,TE xxxxxxxxxx,0.,DOS,0.,PRES,0.,PRES,0 Hari,
489,200072,T________,0.,PCS,0.,PCS,0.,PCS, Hari,
490,220006,V________,0.,PCS,0.,PCS,0.,PCS, Hari,
491,220014,V________,0.,PCS,0.,PCS,0.,PCS, Hari,
492,220007,V________,0.,PCS,0.,PCS,0.,PCS, Hari,
493,220015,V________,0.,PCS,0.,PCS,0.,PCS, Hari,
494,220008,V________,0.,PCS,0.,PCS,0.,PCS, Hari,
495,220009,V________,0.,PCS,0.,PCS,0.,PCS, Hari,
496,220010,V________,0.,PCS,0.,PCS,0.,PCS, Hari,
497,220011,V________,0.,PCS,0.,PCS,0.,PCS, Hari,
498,220012,V________,0.,PCS,0.,PCS,0.,PCS, Hari,
499,220005,V________,0.,PCS,0.,PCS,0.,PCS, Hari,
500,220013,V________,0.,PCS,0.,PCS,0.,PCS, Hari,
501,230023,W xxxxxxxx,0.,DOS,0.,LSN,0.,LSN,0 Hari,
502,230032,W________,0.,DOS,0.,BTL,0.,BTL, Hari,
503,230033,W________,0.,DOS,0.,BKS,0.,BKS, Hari,
504,230026,W________,0.,DOS,0.,BTL,0.,BTL, Hari,
505,230027,W________,0.,PCS,0.,PCS,0.,PCS, Hari,
506,230028,W________,0.,DOS,0.,BTL,0.,BTL, Hari,
507,230029,W________,0.,KLG,0.,KLG,0.,KLG, Hari,
508,230030,W________,0.,DOS,0.,BTL,0.,BTL, Hari,
509,230031,W________,0.,KLG,0.,KLG,0.,KLG, Hari,
510,040015,XXXXXX DESAKU TUMBAR P1000 BARU isi 36 xxx,0.,DOS,0.,PRES,0.,RTG,0 Hari,
511,240007,X________,0.,PCS,0.,PCS,0.,PCS, Hari,
512,240015,X________,0.,PCS,0.,PCS,0.,PCS, Hari,
25/04/2026 11:07:46,,,,,,,,,Halaman ke 10 dari 22,
Posisi Stok,,,,,,,,,,
 s.d 25-04-2026,,,,,,,,,,
,,,,,,,,,,
No,Kode,Nama,,,Qty,,,,Selisih,
513,240008,X________,0.,PCS,0.,PCS,0.,PCS, Hari,
514,240001,X________,0.,PCS,0.,PCS,0.,PCS, Hari,
515,240009,X________,0.,PCS,0.,PCS,0.,PCS, Hari,
516,240002,X________,0.,PCS,0.,PCS,0.,PCS, Hari,
517,240010,X________,0.,PCS,0.,PCS,0.,PCS, Hari,
518,240003,X________,0.,PCS,0.,PCS,0.,PCS, Hari,
519,240011,X________,0.,PCS,0.,PCS,0.,PCS, Hari,
520,240004,X________,0.,PCS,0.,PCS,0.,PCS, Hari,
521,240012,X________,0.,PCS,0.,PCS,0.,PCS, Hari,
522,240005,X________,0.,PCS,0.,PCS,0.,PCS, Hari,
523,240013,X________,0.,PCS,0.,PCS,0.,PCS, Hari,
524,240006,X________,0.,PCS,0.,PCS,0.,PCS, Hari,
525,240014,X________,0.,PCS,0.,PCS,0.,PCS, Hari,
526,000010,______faktur campur______,476.,PCS,0.,PCS,0.,PCS,0 Hari,
,,,,,,,,,,
G000011 - PALAWIJA,,,,,,,,,,
527,020011,BAWANG BOMBAY,"999,851.",ZAK,0.,KG,0.64,KG,0 Hari,
528,020012,BAWANG KATING,"5,387.",KG,0.,LOS,9.,ONS,0 Hari,
529,020070,BAWANG SICO,"83,422.",KG,0.,LOS,3.3,ONS,0 Hari,
530,020071,BRAMBANG PROB,"99,999.",KG,0.,KG,0.,KG,0 Hari,
531,030023,CENGKEH SUPER,924.,KG,0.,KG,0.55,KG,0 Hari,
532,100001,JAGUNG xxx,0.,ZAK,0.,LOS,0.,KG,0 Hari,
533,100005,JINTEN PUTIH,"9,302.",KG,0.,KG,2.,ONS,0 Hari,
534,110001,KACANG HIJAU BUTEK,0.,ZAK,1.,LOS,0.5,KG,0 Hari,
535,110002,KACANG HIJAU KUPAS GIOK,0.,ZAK,17.,LOS,0.,KG,0 Hari,
536,110130,KACANG HIJAU MINYAK,1.,ZAK,7.,KG,0.5,KG,0 Hari,
537,110003,KACANG RRC KUPAS,4.,DOS,0.,BAL,8.,KG,0 Hari,
538,110157,KACANG TANAH 7MM new,80.,KG,0.,KG,0.75,KG,0 Hari,
539,110005,KACANG TANAH 7MM TB baru,40.,KG,0.,KG,0.,KG,0 Hari,
540,110122,KAXXXXXXXX,0.,KG,0.,KG,0.,KG,0 Hari,
541,110050,KEDELE,545.,KG,0.,KG,0.3,KG,0 Hari,
542,110051,KEDELE KUPAS,3.,ZAK,18.,KG,0.5,KG,0 Hari,
543,110053,KETAN HITAM,1.,ZAK,2.,LOS,0.45,KG,0 Hari,
544,110055,KETAN SIEM SINTA,4.,ZAK,24.,LOS,0.25,KG,0 Hari,
545,110054,KETAN SUPER Rajawali poles,0.,ZAK,0.,KG,0.,KG,0 Hari,
546,110056,KETAN VIET SUPER GSK,2.,ZAK,4.,LOS,0.75,KG,0 Hari,
547,110066,KOPI,19.,KG,0.,KG,0.5,KG,0 Hari,
548,130020,MERICA BUBUK SPC,942.,KG,0.,KG,9.7,ONS,0 Hari,
549,130021,MERICA BUNDAR,71.,KG,0.,KG,7.6,ONS,0 Hari,
550,130024,MICIN LOS,7.,ZAK,16.,KG,5.9,ONS,0 Hari,
551,130131,MIRI BULAT,"501,747.",KG,0.,KG,0.5,ONS,0 Hari,
552,130103,MIRI PECAH,"995,037.",KG,0.,LOS,2.,ONS,0 Hari,
553,160029,PALA,920.,KG,0.,KG,0.2,Ons,0 Hari,
554,200060,TUMBAR,"3,834.",ZAK,19.,KG,1.95,ONS,0 Hari,
555,230001,WIJEN,20.,KG,0.,ONS,0.5,ONS,0 Hari,
,,,,,,,,,,
G000012 - SUSU,,,,,,,,,,
556,020015,BEAR BRAND,7.,DOS,18.,KLG,0.,KLG,0 Hari,
557,020016,BENDERA CKLT SC. xxx,0.,DOS,0.,PRES,0.,PRES, Hari,
558,020017,BENDERA KLG CKLT xxx,0.,DOS,0.,KLG,0.,KLG, Hari,
559,020018,BENDERA KLG PTH xxx,0.,DOS,0.,KLG,0.,KLG, Hari,
560,020019,BENDERA PTH SC. xxx,0.,DOS,0.,PRES,0.,PRES, Hari,
561,020020,BENDERA SKM POUCH 200ML xxx,0.,DOS,0.,PCS,0.,PCS, Hari,
562,020021,BENDERA SKM POUCH 560ML xxx,0.,DOS,0.,PCS,0.,PCS, Hari,
25/04/2026 11:07:46,,,,,,,,,Halaman ke 11 dari 22,
Posisi Stok,,,,,,,,,,
 s.d 25-04-2026,,,,,,,,,,
,,,,,,,,,,
No,Kode,Nama,,,Qty,,,,Selisih,
563,030001,CARNATION MILK B,20.,DOS,39.,LOS,0.,KLG,0 Hari,
564,040004,DANCOW CKLT SC 40GR,2.,DOS,15.,RTG,0.,RTG,0 Hari,
565,040005,DANCOW INS SC 27GR,40.,DOS,15.,RTG,0.,RTG,0 Hari,
566,050002,ENAK MILK C xxx,0.,DOS,0.,KLG,0.,KLG,0 Hari,
567,050003,ENAK MILK P xxx,0.,DOS,0.,KLG,0.,KLG,0 Hari,
568,090001,INDOMILK CKLT KLG,1.,DOS,30.,KLG,0.,KLG,0 Hari,
569,090002,INDOMILK CKLT SC,7.,DOS,14.,PRES,0.,PRES,0 Hari,
570,090003,INDOMILK PTH KLG,0.,DOS,5.,KLG,0.,KLG,0 Hari,
571,090004,INDOMILK PTH SC,85.,DOS,11.,PRES,0.,PRES,0 Hari,
572,130058,MILKU SUSU UHT Coklat,1.,DOS,0.,BTL,0.,BTL,0 Hari,
573,130059,MILKU SUSU UHT Strawbery,0.,DOS,6.,BTL,0.,BTL,0 Hari,
574,130060,MILO SC 22GR,41.,DOS,10.,RTG,0.,RTG,0 Hari,
,,,,,,,,,,
G000013 - BERAS,,,,,,,,,,
575,020028,BERAS 10 KG LOMBOK,11.,BKS,0.,BKS,0.,BKS,0 Hari,
576,020029,BERAS 10 KG ________,0.,BKS,0.,BKS,0.,BKS, Hari,
577,020024,BERAS 10KG BINTANG BIRU,0.,BKS,0.,BKS,0.,BKS,0 Hari,
578,020025,BERAS 10KG LAHAP,47.,ZAK,0.,ZAK,0.,ZAK,0 Hari,
579,020026,BERAS 10KG MELON SUPER,82.,BKS,0.,BKS,0.,BKS,0 Hari,
580,020079,BERAS 10KG MENTARI,19.,BKS,0.,BKS,0.,BKS,0 Hari,
581,020044,BERAS 25KG anak tani,3.,ZAK,0.,KG,0.,KG,0 Hari,
582,020037,BERAS 25KG BINTANG BIRU,16.,ZAK,0.,KG,0.,KG,0 Hari,
583,020046,BERAS 25KG kecombrang,0.,ZAK,0.,KG,0.,KG,0 Hari,
584,020040,BERAS 25KG KEONG MAS,11.,ZAK,0.,KG,0.,KG,0 Hari,
585,020045,BERAS 25KG LAHAP,33.,ZAK,0.,KG,0.,KG,0 Hari,
586,020075,BERAS 25KG LOMBOK xxx,0.,ZAK,0.,KG,0.,KG,0 Hari,
587,020041,BERAS 25KG MANALAGI,0.,ZAK,0.,KG,0.,KG,0 Hari,
588,020042,BERAS 25KG MELON SUPER,43.,ZAK,0.,KG,0.,KG,0 Hari,
589,020043,BERAS 25KG MENTARI,30.,ZAK,0.,KG,0.,KG,0 Hari,
590,020038,BERAS 25KG PAK TANI,17.,ZAK,0.,ZAK,0.,ZAK,0 Hari,
591,020047,BERAS 25KG ________,0.,ZAK,0.,KG,0.,KG, Hari,
592,020082,BERAS 3KG LOMBOK xxx,0.,BKS,0.,BKS,0.,BKS,0 Hari,
593,020080,BERAS 3KG MELON PELANGI xxx,0.,BKS,0.,BKS,0.,BKS,0 Hari,
594,020087,BERAS 5KG ANAK TANI,12.,BKS,0.,BKS,0.,BKS,0 Hari,
595,020030,BERAS 5KG BINTANG BIRU,0.,ZAK,0.,LOS,0.,BKS,0 Hari,
596,020036,BERAS 5KG kecombrang,8.,ZAK,3.,BKS,0.,BKS,0 Hari,
597,020031,BERAS 5KG LAHAP,157.,BKS,0.,LOS,0.,BKS,0 Hari,
598,020077,BERAS 5KG LOMBOK,84.,BKS,0.,BKS,0.,BKS,0 Hari,
599,020034,BERAS 5KG madinah xxx,0.,BKS,0.,LOS,0.,BKS,0 Hari,
600,020032,BERAS 5KG MELON,142.,BKS,0.,LOS,0.,BKS,0 Hari,
601,020033,BERAS 5KG MENTARI,49.,BKS,0.,LOS,0.,BKS,0 Hari,
602,020081,BERAS 5KG Premium Mix,123.,BKS,0.,BKS,0.,BKS,0 Hari,
603,020083,BERAS 5KG SPHP,125.,BKS,0.,BKS,0.,BKS,0 Hari,
604,020035,BERAS 5KG xxx,0.,ZAK,0.,BKS,0.,BKS,0 Hari,
605,020039,BERAS JAGUNG,1.,ZAK,6.,LOS,0.75,KG,0 Hari,
,,,,,,,,,,
G000019 - PEMBALUT,,,,,,,,,,
606,020002,BABY HAPPY L,3.,DOS,6.,RTG,0.,RTG,0 Hari,
607,020001,BABY HAPPY M,6.,DOS,2.,RTG,0.,RTG,0 Hari,
608,020003,BABY HAPPY XL,8.,DOS,0.,RTG,0.,RTG,0 Hari,
609,030002,CHARM ISI 1,0.,DOS,0.,RTG,0.,RTG,0 Hari,
610,030003,CHARM ISI 8,1.,DOS,0.,IKT,3.,BKS,0 Hari,
611,030004,CHARM MALAM ISI 2,2.,DOS,7.,RTG,0.,RTG,0 Hari,
612,030005,CHARM WING ISI 2,2.,DOS,0.,RTG,0.,RTG,0 Hari,
25/04/2026 11:07:46,,,,,,,,,Halaman ke 12 dari 22,
Posisi Stok,,,,,,,,,,
 s.d 25-04-2026,,,,,,,,,,
,,,,,,,,,,
No,Kode,Nama,,,Qty,,,,Selisih,
613,080004,HAPPILY L,0.,DOS,9.,RTG,0.,RTG,0 Hari,
614,080005,HAPPILY M,1.,DOS,10.,RTG,0.,RTG,0 Hari,
615,080006,HAPPILY XL,0.,DOS,8.,RTG,0.,RTG,0 Hari,
616,080003,HERS xxx,0.,DOS,0.,BKS,0.,BKS,0 Hari,
617,120003,LAURIER MAXI ISI 8,3.,DOS,9.,IKT,0.,BKS,0 Hari,
618,120004,LAURIER SLIM RTG,0.,DOS,0.,RTG,0.,RTG,0 Hari,
619,120005,LIFREE POPOK L xxx,0.,DOS,0.,RTG,0.,RTG,0 Hari,
620,120006,LIFREE POPOK M xxx,0.,DOS,0.,RTG,0.,RTG,0 Hari,
621,120007,LIFREE POPOK XL xxx,0.,DOS,0.,RTG,0.,RTG,0 Hari,
622,130013,MAMY POKO L,5.,DOS,3.,RTG,0.,RTG,0 Hari,
623,130012,MAMY POKO M,3.,DOS,4.,RTG,0.,RTG,0 Hari,
624,130014,MAMY POKO S xxx,0.,DOS,0.,RTG,0.,RTG,0 Hari,
625,160037,PROTEX ISI 8,0.,DOS,0.,IKT,0.,BKS,0 Hari,
626,160036,PROTEX RTG DAUN SIRIH,0.,DOS,23.,RTG,0.,RTG,0 Hari,
627,190128,SWEETY RTG L,1.,DOS,0.,LSN,0.,RTG,0 Hari,
628,190127,SWEETY RTG M,1.,DOS,6.,LSN,0.,RTG,0 Hari,
629,190129,SWEETY RTG S xxx,0.,DOS,0.,LSN,0.,RTG,0 Hari,
630,190130,SWEETY RTG XL,0.,DOS,0.,LSN,0.,RTG,0 Hari,
,,,,,,,,,,
G000021 - PASTA GIGI,,,,,,,,,,
631,030010,CIPTADENT 195GR,5.,DOS,0.,LSN,9.,KTK,0 Hari,
632,030027,CIPTADENT 75GR 5+1,7.,DOS,2.,IKT,7.,PCS,0 Hari,
633,030011,CIPTADENT 75GR xxx,0.,DOS,0.,LSN,0.,KTK,0 Hari,
634,030014,CLOSEUP GREEN 110GR xxx,0.,DOS,0.,LSN,0.,KTK,0 Hari,
635,030015,CLOSEUP GREEN 160GR xxx,0.,DOS,0.,LSN,0.,KTK,0 Hari,
636,030016,CLOSEUP GREEN 65GR,0.,DOS,0.,LSN,0.,KTK,0 Hari,
637,110063,KODOMO ODOL,6.,LSN,6.,KTK,0.,KTK,0 Hari,
638,160007,PEPSODENT 120GR,0.,DOS,0.,LSN,0.,KTK,0 Hari,
639,160008,PEPSODENT 190GR,8.,DOS,0.,LSN,0.,KTK,0 Hari,
640,160009,PEPSODENT 75GR,33.,DOS,1.,LSN,9.,KTK,0 Hari,
641,160010,PEPSODENT HERBAL 190GR,0.,LSN,5.,KTK,0.,KTK,0 Hari,
642,160011,PEPSODENT HERBAL 65GR,26.,LSN,9.,KTK,0.,KTK,0 Hari,
643,190066,SIKAT GIGI CIPTADENT,3.,DOS,1.,KTK,11.,PCS,0 Hari,
,,,,,,,,,,
G000023 - SABUN CAIR,,,,,,,,,,
644,030013,CLING PEMBERSIH KACA 425ML,1.,DOS,3.,BKS,0.,BKS,0 Hari,
645,050001,EDEL CREOLINE 1L xxx,0.,DOS,0.,KLG,0.,KLG,0 Hari,
646,050011,EKONOMI PENCUCI 235ML,0.,DOS,2.,LOS,0.,PCS,0 Hari,
647,110060,KISPRAY 300ML,0.,DOS,15.,LOS,0.,BKS,0 Hari,
648,110061,KISPRAY SC,0.,PRES,0.,IKT,0.,RTG,0 Hari,
649,130007,MAMA LEMON RF 105ML,127.,DOS,9.,LOS,0.,BKS,0 Hari,
650,130008,MAMA LEMON RF80ML,6.,DOS,41.,LOS,0.,BKS,0 Hari,
651,130009,MAMA LEMON RV 800ML,512.,DOS,10.,LOS,0.,BKS,0 Hari,
652,130105,MOLTO ALL IN 18ML SC,8.,DOS,10.,RTG,0.,RTG,0 Hari,
653,130106,MOLTO ALL IN SC 500,2.,DOS,27.,RTG,0.,RTG,0 Hari,
654,130107,MOLTO PEWANGI 450ML xxx,0.,DOS,0.,LSN,0.,BKS,0 Hari,
655,130108,MOLTO PEWANGI 800ML,499.,DOS,6.,BKS,0.,BKS,0 Hari,
656,130109,MOLTO SOFTENER 800ML xxx,0.,DOS,0.,BKS,0.,BKS,0 Hari,
657,990002,PROMO SUNLIGHT 90ML 5+1 xxx,0.,DOS,0.,IKT,0.,PCS,0 Hari,
658,180001,RAPIKA RF 450ML,1.,DOS,0.,BKS,0.,BKS,0 Hari,
659,180002,RAPIKA SC,1.,DOS,2.,PRES,3.,LSN,0 Hari,
660,190008,SABUN GIV CAIR RV k,5.,DOS,6.,BKS,0.,BKS,0 Hari,
661,190009,SABUN NUVO CAIR RV k,6.,DOS,15.,BKS,0.,BKS,0 Hari,
662,190183,SO SOFT 700ml,7.,DOS,5.,BKS,0.,BKS,0 Hari,
25/04/2026 11:07:46,,,,,,,,,Halaman ke 13 dari 22,
Posisi Stok,,,,,,,,,,
 s.d 25-04-2026,,,,,,,,,,
,,,,,,,,,,
No,Kode,Nama,,,Qty,,,,Selisih,
663,190089,SOKLIN LANTAI 450ML xxx,0.,DOS,0.,BKS,0.,BKS,0 Hari,
664,190090,SOKLIN LANTAI 800ML,4.,DOS,11.,BKS,0.,BKS,0 Hari,
665,190092,SOKLIN LANTAI SC,0.,DOS,0.,PRES,1.,RTG,0 Hari,
666,190093,SOKLIN LIQUID 100ML RV,0.,DOS,28.,BKS,0.,BKS,0 Hari,
667,190158,SOKLIN LIQUID 215ML 5000AN,0.,DOS,16.,PCS,0.,PCS,0 Hari,
668,190094,SOKLIN LIQUID 800ML,493.,DOS,2.,BKS,0.,BKS,0 Hari,
669,190095,SOKLIN LIQUID SC 40 ML 1000AN,2.,DOS,0.,PRES,1.,LSN,0 Hari,
670,190096,SOKLIN LIQUID SC.,3.,DOS,4.,PRES,0.,LSN,0 Hari,
671,190097,SOKLIN PEMUTIH 1000ML,21.,DOS,5.,BTL,0.,BTL,0 Hari,
672,190098,SOKLIN PEMUTIH 100ML,2.,DOS,3.,LSN,1.,BTL,0 Hari,
673,190099,SOKLIN PEMUTIH 500ML,0.,DOS,0.,BTL,0.,BTL,0 Hari,
674,190100,SOKLIN PEMUTIH SC,14.,DOS,17.,PRES,0.,PRES,0 Hari,
675,190101,SOKLIN PEWANGI 450ML xxx,0.,DOS,0.,BKS,0.,BKS,0 Hari,
676,190102,SOKLIN PEWANGI 900ML,2.,DOS,8.,BKS,0.,BKS,0 Hari,
677,190104,SOKLIN PEWANGI RF 1000AN,0.,DOS,0.,BKS,0.,BKS,0 Hari,
678,190105,SOKLIN PEWANGI SC,2.,DOS,0.,PRES,0.,RTG,0 Hari,
679,190108,SOKLIN SOFTENER 900ML xxx,0.,DOS,0.,BKS,0.,BKS,0 Hari,
680,190109,SOKLIN SOFTENER PREMIUM xxx,0.,DOS,0.,PRES,0.,RTG,0 Hari,
681,190107,SOKLIN SOFTENER SC xxx,0.,DOS,0.,PRES,0.,RTG,0 Hari,
682,190117,SUNLIGHT CAIR 210ML,37.,DOS,22.,BKS,0.,BKS,0 Hari,
683,190118,SUNLIGHT CAIR 420ML xxx,0.,DOS,0.,BKS,0.,BKS,0 Hari,
684,190119,SUNLIGHT CAIR 52ML 1000-AN,5.,DOS,0.,BKS,0.,BKS,0 Hari,
685,190116,SUNLIGHT CAIR 90 ML,15.,DOS,4.,LSN,7.,BKS,0 Hari,
686,190120,SUNLIGHT CAIR xxxxxxxx 755ML,0.,DOS,0.,LOS,0.,BKS,0 Hari,
687,190122,SUPER PELL 770ML xxx,0.,DOS,0.,BKS,0.,BKS,0 Hari,
688,190123,SUPER PELL RV 90ML xxx,0.,DOS,0.,BKS,0.,BKS,0 Hari,
689,190172,SUPERSOL SCT 38ML 1000AN,11.,DOS,2.,LSN,0.,LSN,0 Hari,
690,220004,VIXAL 800ML,1.,DOS,0.,BTL,0.,BTL,0 Hari,
691,230021,WIPOL 450ML,0.,DOS,0.,BKS,0.,BKS,0 Hari,
692,230022,WIPOL 750ML,11.,DOS,6.,BKS,0.,BKS,0 Hari,
,,,,,,,,,,
G000024 - SHAMPOO,,,,,,,,,,
693,030018,CONDITIONER PANTENE SC,4.,DOS,19.,RTG,0.,RTG,0 Hari,
694,190135,SHAMPOO CLEAR BIRU SC,2.,DOS,18.,RTG,0.,RTG,0 Hari,
695,190136,SHAMPOO CLEAR HIJAU SC,1.,DOS,36.,RTG,0.,RTG,0 Hari,
696,190137,SHAMPOO CLEAR HITAM SC,0.,DOS,0.,RTG,0.,RTG,0 Hari,
697,190053,SHAMPOO CL____,0.,DOS,0.,RTG,0.,RTG,0 Hari,
698,190054,SHAMPOO DOVE SC,1.,DOS,21.,RTG,0.,RTG,0 Hari,
699,190055,SHAMPOO EMERON SC,2.,DOS,13.,RTG,0.,RTG,0 Hari,
700,190056,SHAMPOO HS HEAD SHOULDER,0.,DOS,19.,RTG,0.,RTG,0 Hari,
701,190057,SHAMPOO KID KODOMO,0.,RTG,0.,BTL,0.,BTL,0 Hari,
702,190148,SHAMPOO KID KODOMO RTG,2.,DOS,5.,RTG,0.,RTG,0 Hari,
703,190132,SHAMPOO LIFEBOY BIRU SC,3.,DOS,13.,RTG,0.,RTG,0 Hari,
704,190133,SHAMPOO LIFEBOY HIJAU SC,1.,DOS,10.,RTG,0.,RTG,0 Hari,
705,190134,SHAMPOO LIFEBOY MERAH SC,0.,DOS,0.,RTG,0.,RTG,0 Hari,
706,190058,SHAMPOO LIF___,0.,DOS,0.,RTG,0.,RTG,0 Hari,
707,190059,SHAMPOO PANTENE 170ML,0.,BTL,0.,BTL,0.,BTL,0 Hari,
708,190140,SHAMPOO PANTENE BIRU SC,5.,DOS,25.,RTG,0.,RTG,0 Hari,
709,190143,SHAMPOO PANTENE HIJAU SC,0.,DOS,0.,RTG,0.,RTG,0 Hari,
710,190144,SHAMPOO PANTENE HITAM SC,2.,DOS,19.,RTG,0.,RTG,0 Hari,
711,190141,SHAMPOO PANTENE MERAH SC,1.,DOS,35.,RTG,0.,RTG,0 Hari,
712,190142,SHAMPOO PANTENE UNGU SC,0.,DOS,0.,RTG,0.,RTG,0 Hari,
713,190060,SHAMPOO PAN____,0.,DOS,0.,RTG,0.,RTG,0 Hari,
25/04/2026 11:07:46,,,,,,,,,Halaman ke 14 dari 22,
Posisi Stok,,,,,,,,,,
 s.d 25-04-2026,,,,,,,,,,
,,,,,,,,,,
No,Kode,Nama,,,Qty,,,,Selisih,
714,190061,SHAMPOO REJOICE SC,1.,DOS,3.,RTG,0.,RTG,0 Hari,
715,190139,SHAMPOO SUNSILK HITAM SC,1.,DOS,28.,RTG,0.,RTG,0 Hari,
716,190138,SHAMPOO SUNSILK KUNING SC,2.,DOS,14.,RTG,0.,RTG,0 Hari,
717,190062,SHAMPOO SUN____,0.,DOS,0.,RTG,0.,RTG,0 Hari,
718,190063,SHAMPOO ZINC SC,7.,DOS,13.,RTG,0.,RTG,0 Hari,
,,,,,,,,,,
G000026 - MIE,,,,,,,,,,
719,040006,DARA BAKSO,20.,BAL,0.,BAL,0.,BAL,0 Hari,
720,130132,MAKARONI SRIKANDI,5.,IKT,2.,PCS,0.,PCS,0 Hari,
721,130025,MIE DARA KERITING,5.,DOS,7.,BKS,0.,BKS,0 Hari,
722,130026,MIE DARA LEBAR,33.,BAL,0.,BAL,0.,BAL,0 Hari,
723,130027,MIE DARA PIPIH,7.,DOS,11.,BKS,0.,BKS,0 Hari,
724,130127,MIE EKO MIE,13.,DOS,2.,PRES,0.,PRES,0 Hari,
725,130149,MIE EKO MIE BUMBU GORENG,15.,DOS,35.,BKS,0.,BKS,0 Hari,
726,130130,MIE EKO MIE ISI 2,19.,DOS,18.,PCS,0.,PCS,0 Hari,
727,130028,MIE GELUNG JANTAYU,52.,PRES,0.,PRES,0.,PRES,0 Hari,
728,130033,MIE INDOMIE  ACEH / Geprek,26.,DOS,35.,LOS,0.,BKS,0 Hari,
729,130029,MIE INDOMIE AYM BWG,43.,DOS,36.,LOS,0.,BKS,0 Hari,
730,130030,MIE INDOMIE AYM SP,2.,DOS,19.,LOS,0.,BKS,0 Hari,
731,130031,MIE INDOMIE GR,110.,DOS,13.,LOS,0.,BKS,0 Hari,
732,130144,MIE INDOMIE GR JUMBO,2.,DOS,0.,PCS,0.,PCS,0 Hari,
733,130032,MIE INDOMIE KARE,7.,DOS,7.,LOS,0.,BKS,0 Hari,
734,130037,MIE INDOMIE KRIUK,9.,DOS,0.,LOS,0.,BKS,0 Hari,
735,130034,MIE INDOMIE RENDANG,10.,DOS,36.,LOS,0.,BKS,0 Hari,
736,130036,MIE INDOMIE SOTO SP,25.,DOS,29.,LOS,0.,BKS,0 Hari,
737,130035,MIE INDOMIE SOTO/RAWON,9.,DOS,27.,LOS,0.,BKS,0 Hari,
738,130038,MIE INTERMIE INDOMIE,124.,DOS,10.,LOS,0.,BKS,0 Hari,
739,130040,MIE JANTAYU GP,46.,PRES,0.,PRES,0.,PRES,0 Hari,
740,130041,MIE KENDURI HJ.,5.,IKT,1.,PRES,0.,PRES,0 Hari,
741,130042,MIE KENDURI OR.,42.,IKT,0.,PRES,0.,PRES,0 Hari,
742,130045,MIE KUDA MENJANGAN K,23.,DOS,14.,LOS,0.,BKS,0 Hari,
743,130151,MIE KUDA MENJANGAN KL kecil,54.,BAL,0.,BAL,0.,BAL,0 Hari,
744,130043,MIE KUDA MENJANGAN KL LEBAR,145.,BAL,0.,BAL,0.,BAL,0 Hari,
745,130044,MIE KUDA MENJANGAN L,46.,DOS,16.,LOS,0.,BKS,0 Hari,
746,130046,MIE SEDAP CUP GR xxx,0.,DOS,0.,BKS,0.,BKS,0 Hari,
747,130047,MIE SEDAP CUP KUAH xxx,0.,DOS,0.,BKS,0.,BKS,0 Hari,
748,130048,MIE SEDAP GR,264.,DOS,12.,LOS,0.,BKS,0 Hari,
749,130049,MIE SEDAP GR Korea / devina,80.,DOS,27.,LOS,0.,BKS,0 Hari,
750,130052,MIE SEDAP KUAH AYAM BWG,7.,DOS,3.,LOS,0.,BKS,0 Hari,
751,130051,MIE SEDAP KUAH KARE SPC,26.,DOS,15.,LOS,0.,BKS,0 Hari,
752,130053,MIE SEDAP KUAH Lain,7.,DOS,0.,LOS,0.,BKS,0 Hari,
753,130050,MIE SEDAP KUAH SOTO,134.,DOS,14.,LOS,0.,BKS,0 Hari,
754,130152,MIE SUKSES GEPREK,143.,DOS,0.,PCS,0.,PCS,0 Hari,
755,130054,MIE SUKSES GR KECAP /  RD / ACEH,12.,DOS,21.,LOS,0.,BKS,0 Hari,
756,130153,MIE SUKSES KREMES,56.,DOS,7.,PCS,0.,PCS,0 Hari,
757,130055,MIE SUKSES KUAH AB,28.,DOS,0.,LOS,0.,BKS,0 Hari,
758,130056,MIE TELUR 3 AYAM MR/KN,4.,DOS,0.,LOS,0.,BKS,0 Hari,
759,160020,POP MIE B,11.,DOS,6.,BKS,0.,BKS,0 Hari,
760,160021,POP MIE K xxx,0.,DOS,0.,BKS,0.,BKS,0 Hari,
761,180025,RAMEN YES HAKATA 2+1,12.,DOS,16.,PCS,0.,PCS,0 Hari,
762,190045,SARIMI DUO GRG,41.,DOS,1.,LOS,0.,BKS,0 Hari,
763,190046,SARIMI DUO KUAH,1.,DOS,2.,LOS,0.,BKS,0 Hari,
764,190147,SEDANI SPAGETTI xxx,0.,DOS,0.,BKS,0.,BKS,0 Hari,
25/04/2026 11:07:46,,,,,,,,,Halaman ke 15 dari 22,
Posisi Stok,,,,,,,,,,
 s.d 25-04-2026,,,,,,,,,,
,,,,,,,,,,
No,Kode,Nama,,,Qty,,,,Selisih,
765,190153,SEDAP MIE BAKED GR / ST xxx,0.,DOS,0.,PCS,0.,PCS,0 Hari,
766,230025,WOW MIE SPAGETTI,9.,DOS,2.,RTG,0.,PCS,0 Hari,
,,,,,,,,,,
G000027 - SABUN,,,,,,,,,,
767,190001,SABUN ASEPSO,3.,LSN,5.,BKS,0.,BKS,0 Hari,
768,190002,SABUN BABY CUSSON 80GR,2.,DOS,11.,LSN,9.,BKS,0 Hari,
769,190003,SABUN CITRA xxx,0.,DOS,0.,LSN,0.,BKS,0 Hari,
770,190004,SABUN DETTOL B.,0.,DOS,4.,LSN,5.,BKS,0 Hari,
771,190005,SABUN DETTOL K,5.,DOS,2.,LSN,2.,BKS,0 Hari,
772,190006,SABUN FRES,0.,DOS,5.,LSN,8.,BKS,0 Hari,
773,190007,SABUN GIV,62.,DOS,3.,LSN,0.,BKS,0 Hari,
774,190010,SABUN HARMONI,30.,DOS,3.,LSN,8.5,BKS,0 Hari,
775,190011,SABUN JF SULFUR xxx,0.,LSN,0.,BKS,0.,BKS,0 Hari,
776,190012,SABUN KODOK O,37.,DOS,8.,LOS,0.,BKS,0 Hari,
777,190013,SABUN LIFEBOY,0.,DOS,3.,LSN,7.,BKS,0 Hari,
778,190014,SABUN LUX,1.,DOS,3.,LSN,1.,BKS,0 Hari,
779,190015,SABUN MEDICARE,13.,DOS,2.,LSN,8.,BKS,0 Hari,
780,190180,SABUN NUVO 3+1,2.,DOS,11.,IKT,0.,PCS,0 Hari,
781,190016,SABUN NUVO xxxxxxxxxxxx,0.,DOS,0.,LSN,0.,BKS,0 Hari,
782,190017,SABUN SEHAT,0.,DOS,0.,LSN,0.,BKS,0 Hari,
783,190018,SABUN SHINZUI,7.,DOS,5.,LSN,2.,BKS,0 Hari,
784,190179,SABUN ZEN,0.,DOS,0.,LSN,0.,PCS,0 Hari,
785,190121,SUNLIGHT CREAM 175 GR,0.,DOS,0.,BKS,0.,BKS,0 Hari,
,,,,,,,,,,
G000028 - GARAM,,,,,,,,,,
786,070001,GARAM GRASAK,35.,PRES,0.,PRES,0.,PRES,0 Hari,
787,070002,GARAM GRASAK LOS,207.,KG,0.,LOS,0.9,KG,0 Hari,
788,070003,GARAM KAPAL 250 GR,30.,BAL,18.,LOS,0.,BKS,0 Hari,
789,070040,GARAM Kotak Bata,108.,PCS,0.,PCS,0.,PCS,0 Hari,
790,070004,GARAM Kotak cap Anak,61.,PRES,0.,PRES,0.,PRES,0 Hari,
,,,,,,,,,,
G000029 - ES,,,,,,,,,,
791,070006,GLICO 1K WAKU CKLT/STR 35ML,"9,961.",PCS,0.,PCS,0.,PCS, Hari,
792,070007,GLICO 2K WAKU CKLT 50ML,991.,DUS,39.,PCS,0.,PCS,0 Hari,
793,070008,GLICO 3K JCONE JUNIOR 40ML,"9,978.",PCS,0.,PCS,0.,PCS, Hari,
794,070009,GLICO 3K Mochi,"9,873.",PCS,0.,PCS,0.,PCS, Hari,
795,070010,GLICO 3K WAKU CKLT 60ML,"99,924.",PCS,0.,PCS,0.,PCS, Hari,
796,070011,GLICO 4K FROSTBITE CUP 90ML,"9,928.",PCS,0.,PCS,0.,PCS,0 Hari,
797,070012,GLICO 4K FROSTBITE PARI 60ML,"99,952.",PCS,0.,PCS,0.,PCS, Hari,
798,070013,GLICO 5K FROSTBITE VANILA 65ML,"9,826.",PCS,0.,PCS,0.,PCS, Hari,
799,070014,GLICO 5K HAKU MONAKA,"9,871.",PCS,0.,PCS,0.,PCS, Hari,
800,070015,GLICO 5K JCONE PARI 120ML,"9,971.",PCS,0.,PCS,0.,PCS, Hari,
801,070016,GLICO 5K WAKU Ikan,17.,PCS,0.,PCS,0.,PCS, Hari,
,,,,,,,,,,
G000030 - BIHUN,,,,,,,,,,
802,020048,BIHUN JAGUNG PADAMU KN.,26.,BAL,16.,LOS,0.,BKS,0 Hari,
803,020049,BIHUN JAGUNG PADAMU MR,90.,BAL,10.,LOS,0.,BKS,0 Hari,
804,020050,BIHUN JAGUNG PADAMU OR. xxx,0.,BAL,0.,RTG,0.,BKS,0 Hari,
805,020076,BIHUN SAWI 1/4an,2.,BAL,0.,PCS,0.,PCS,0 Hari,
806,070018,GOLOK SOHUN BESAR,3.,ZAK,23.,LOS,0.,BKS,0 Hari,
807,127000,GOLOK SOHUN KECIL,0.,IKT,0.,PRES,0.,PRES,0 Hari,
808,130057,MIHUN KIJANG 1/4KG,39.,BAL,14.,LOS,0.,BKS,0 Hari,
809,130110,MTG AMANDA 1/4KG,9.,DOS,7.,KG,1.,BKS,0 Hari,
810,190078,SOHUN RRC NAGA 250GR,0.,BKS,0.,BKS,0.,BKS, Hari,
811,190079,SOHUN RRC NAGA 50GR,0.,DOS,351.,LOS,0.,BKS,0 Hari,
812,190080,SOHUN SRIMPI BR,76.,BAL,0.,BKS,0.,BKS,0 Hari,
25/04/2026 11:07:46,,,,,,,,,Halaman ke 16 dari 22,
Posisi Stok,,,,,,,,,,
 s.d 25-04-2026,,,,,,,,,,
,,,,,,,,,,
No,Kode,Nama,,,Qty,,,,Selisih,
813,190081,SOHUN SRIMPI K,28.,IKT,1.,BKS,0.,BKS,0 Hari,
814,190082,SOHUN SRIMPI MR,12.,BAL,0.,BKS,0.,BKS,0 Hari,
,,,,,,,,,,
G000031 - KOPI,,,,,,,,,,
815,070043,GOOD DAY Br,3.,DOS,11.,LOS,0.,RTG,0 Hari,
816,070020,GOOD DAY CAPPUCINO,10.,DOS,11.,LOS,0.,RTG,0 Hari,
817,070042,GOOD DAY Cklt,2.,DOS,5.,LOS,0.,RTG,0 Hari,
818,070044,GOOD DAY LATTE ORI / BUTTER,3.,DOS,5.,RTG,0.,RTG,0 Hari,
819,070039,GOOD DAY Mr ,11.,DOS,0.,LOS,0.,RTG,0 Hari,
820,110161,KAPAL API 6GR MINI SILVER,2.,DOS,12.,RTG,0.,RTG,0 Hari,
821,110067,KOPI ABC SUSU,2.,DOS,11.,RTG,0.,RTG,0 Hari,
822,110068,KOPI ABC WHITE 5+1,0.,DOS,0.,RTG,0.,RTG, Hari,
823,110158,KOPI FRESCO CAPPUCINNO,1.,DOS,1.,RTG,0.,RTG,0 Hari,
824,110134,KOPI JALAK GEBOK,2.,DOS,2.,PCS,0.,PCS,0 Hari,
825,110121,KOPI JALAK RENTENG 11GR,10.,DOS,14.,RTG,0.,RTG,0 Hari,
826,110072,KOPI KAPAL API  xxxxxxx MUTU KHUSUS 65gr xxx,0.,DOS,0.,RTG,0.,RTG,0 Hari,
827,110016,KOPI KAPAL API FRESCO SUSU,3.,DOS,0.,RTG,0.,RTG,0 Hari,
828,110070,KOPI KAPAL API GRANDE WHITE,0.,DOS,0.,RTG,0.,RTG,0 Hari,
829,110071,KOPI KAPAL API MANTAP,0.,DOS,0.,RTG,0.,RTG,0 Hari,
830,110073,KOPI KAPAL API SPC 150GR,11.,DOS,19.,LOS,0.,BKS,0 Hari,
831,110074,KOPI KAPAL API SPC 30GR,12.,DOS,8.,RTG,0.,RTG,0 Hari,
832,110075,KOPI KAPAL API SPC 350 GR,1.,DOS,3.,BKS,0.,BKS,0 Hari,
833,110076,KOPI KAPAL API SPC 60GR,7.,DOS,1.,RTG,0.,RTG,0 Hari,
834,110077,KOPI KAPAL API SPC mini 6GR,71.,DOS,9.,LOS,0.,RTG,0 Hari,
835,110078,KOPI KAPAL API SPECIAL MIX,20.,DOS,8.,RTG,0.,RTG,0 Hari,
836,110079,KOPI KAPAL API SUSU,0.,DOS,0.,RTG,0.,RTG,0 Hari,
837,110123,KOPI PIKOPI AREN,4.,DOS,1.,RTG,0.,RTG,0 Hari,
838,110086,KOPI TORABIKA CAFE MR / CAPP,0.,DOS,0.,RTG,0.,RTG,0 Hari,
839,110080,KOPI TORABIKA CAPU,7.,DOS,7.,LOS,0.,RTG,0 Hari,
840,110081,KOPI TORABIKA CREAMY,0.,DOS,4.,RTG,0.,RTG,0 Hari,
841,110082,KOPI TORABIKA DUO,0.,DOS,0.,RTG,0.,RTG,0 Hari,
842,110083,KOPI TORABIKA JAHE,0.,DOS,0.,RTG,0.,RTG,0 Hari,
843,110084,KOPI TORABIKA MOKA,3.,DOS,8.,RTG,0.,RTG,0 Hari,
844,110085,KOPI TORABIKA SUSU,13.,DOS,0.,RTG,0.,RTG,0 Hari,
845,110088,KOPI xxxxxx,0.,DOS,0.,RTG,0.,RTG,0 Hari,
846,110087,KOPI YA SP,81.,DOS,3.,RTG,0.,RTG,0 Hari,
847,110149,KOPI YA SP / fresco MINI RTG,7.,DOS,17.,RTG,0.,RTG,0 Hari,
848,110126,KOPI YA SP 120gr + gelas,50.,DOS,5.,LOS,0.,BKS,0 Hari,
849,110160,KOPI YA SUSU 10+1,13.,DOS,0.,RTG,0.,RTG,0 Hari,
850,120013,LUWAK MINI,4.,DOS,0.,RTG,0.,RTG,0 Hari,
851,120012,LUWAK WHITE ISI 12,9.,DOS,7.,RTG,0.,RTG,0 Hari,
852,190064,SIDOMUNCUL KOPI JAHE,16.,DOS,2.,RTG,0.,RTG,0 Hari,
853,190065,SIDOMUNCUL SUSU JAHE,34.,DOS,6.,RTG,0.,RTG,0 Hari,
854,200062,TOP BARISTA KOPI GULA,25.,DOS,5.,RTG,0.,RTG,0 Hari,
855,200054,TOP CAPPUCINNO,11.,DOS,0.,LOS,0.,RTG,0 Hari,
856,200049,TOP GULA,6.,DOS,2.,RTG,0.,RTG,0 Hari,
857,200050,TOP GULA AREN SC,52.,DOS,7.,RTG,0.,RTG,0 Hari,
858,200051,TOP GULA TORAJA 2+1,0.,DOS,0.,RTG,0.,RTG,0 Hari,
859,200052,TOP K 7GR,20.,DOS,1.,RTG,0.,RTG,0 Hari,
860,200053,TOP KOPI 165GR,9.,DOS,3.,LOS,0.,BKS,0 Hari,
861,200059,TOP NEO 2+1 MOCA / CARAMEL,3.,DOS,10.,RTG,0.,RTG,0 Hari,
862,200055,TOP PLUS,11.,DOS,0.,RTG,0.,RTG,0 Hari,
863,200056,TOP SUSU,18.,DOS,9.,RTG,0.,RTG,0 Hari,
25/04/2026 11:07:46,,,,,,,,,Halaman ke 17 dari 22,
Posisi Stok,,,,,,,,,,
 s.d 25-04-2026,,,,,,,,,,
,,,,,,,,,,
No,Kode,Nama,,,Qty,,,,Selisih,
864,200057,TOP SUSU KENTAL 30GR,2.,DOS,6.,RTG,0.,RTG,0 Hari,
865,200058,TOP WHITE,24.,DOS,9.,RTG,0.,RTG,0 Hari,
,,,,,,,,,,
G000032 - GULA,,,,,,,,,,
866,070037,GULA CAIR JURIGEN xxx,0.,JRG,0.,JRG,0.,JRG,0 Hari,
867,070025,GULA DONAT,2.,ZAK,13.,KG,0.,KG,0 Hari,
868,070026,GULA HALUS ROSE / Legi,37.,BAL,3.,KG,0.,BKS,0 Hari,
869,070027,GULA KBA,"88,087.",ZAK,0.,KG,0.,KG,0 Hari,
870,070038,GULA KBA KEMASAN 1KG,0.,DOS,11.,LOS,0.,KG,0 Hari,
871,070028,GULA KBB,"7,010.",ZAK,0.,KG,0.,KG,0 Hari,
872,070030,GULA MERAH,13.,BAL,1.,KG,7.25,ONS,0 Hari,
873,070031,GULA MERAH SUPER,12.,BAL,0.,KG,0.25,KG,0 Hari,
874,070047,GULA MERAH TEBU 10kg xxx,0.,BAL,0.,KG,0.,KG,0 Hari,
875,070041,GULA Mxxxxx,0.,BAL,0.,KG,0.,KG,0 Hari,
876,070032,GULA PALM SUGAR,4.,DOS,10.,KG,1.,ONS,0 Hari,
877,070033,GULA PASIR 1 KG,"967,457.",KG,0.,KG,0.94,KG,0 Hari,
878,070034,GULA PASIR LOS,"989,235.",KG,0.,KG,0.5,KG,0 Hari,
879,070029,GULA RMI biru,"1,000.",ZAK,0.,KG,0.,KG,0 Hari,
880,070035,GULA ROSE 1 KG,998.,DOS,7.,KG,0.5,KG,0 Hari,
881,070036,GULAKU 1KG,"9,998.",DOS,22.,BKS,0.,BKS,0 Hari,
882,200061,TROPICANA GULA DIABETX,0.,DOS,2.,PRES,0.,PRES,0 Hari,
,,,,,,,,,,
G000034 - FOOD,,,,,,,,,,
883,160003,PEMPEK KTLM ADAAN,0.,PCS,0.,PCS,0.,PAK,0 Hari,
884,160004,PEMPEK KTLM KAPAL SELAM KECIL,0.,PCS,0.,PCS,0.,PAK,0 Hari,
885,160005,PEMPEK KTLM KERITING,0.,PCS,0.,PCS,0.,PAK,0 Hari,
886,160006,PEMPEK KTLM LENJER,0.,PCS,0.,PCS,0.,PAK,0 Hari,
887,160028,POTABEE SNACK RTG xxx,0.,DOS,0.,RTG,0.,RTG,0 Hari,
888,180003,REALGOOD MILK CK/STR xxx,0.,DOS,0.,BKS,0.,BKS, Hari,
889,190111,SOSIS SO NICE,11.,DOS,2.,PCS,0.,PCS,0 Hari,
,,,,,,,,,,
G000035 - KECAP,,,,,,,,,,
890,110156,KECAP 2 BURUNG 450 ML,4.,DOS,9.,PC,0.,PCS,0 Hari,
891,110019,KECAP 2 IKAN BANDENG  B,17.,PETI,8.,BTL,0.,ISI,0 Hari,
892,110020,KECAP 2 IKAN BANDENG K,6.,PETI,25.,BTL,0.,ISI,0 Hari,
893,110021,KECAP ABC ASIN BTL 620ML,2.,DOS,4.,BTL,0.,ISI,0 Hari,
894,110022,KECAP ABC ASIN MJ 135ML,1.,DOS,12.,LOS,0.,BTL,0 Hari,
895,110023,KECAP ABC MANIS 6 KG JURIGEN,3.,,0.,,0.,JRG,0 Hari,
896,110024,KECAP ABC MANIS MJ 135ML,3.,DOS,22.,LOS,0.,BTL,0 Hari,
897,110025,KECAP ABC MANIS RV 225ML,0.,DOS,8.,BKS,0.,BKS,0 Hari,
898,110026,KECAP ABC MANIS RV 520ML,17.,DOS,4.,LOS,0.,BKS,0 Hari,
899,110027,KECAP ABC MANIS RV 60ML,4.,DOS,24.,BKS,0.,BKS,0 Hari,
900,110028,KECAP ABC MANIS SC 500 NEW,2.,DOS,10.,PRES,0.,PRES,0 Hari,
901,110029,KECAP ABC MANIS TG 275ML,0.,DOS,0.,BTL,0.,BTL,0 Hari,
902,110030,KECAP ASIN 150,1.,DOS,8.,BTL,0.,BTL,0 Hari,
903,110031,KECAP ASIN 250,0.,LSN,8.,BTL,0.,BTL,0 Hari,
904,110120,KECAP ASIN 350,0.,DOS,13.,BTL,0.,BTL,0 Hari,
905,110032,KECAP BADER B,151.,DOS,10.,LOS,0.,BTL,0 Hari,
906,110033,KECAP BADER K,20.,PETI,3.,BTL,0.,ISI,0 Hari,
907,110162,KECAP BANGO 140ML MEJA,2.,DOS,45.,BTL,0.,BTL,0 Hari,
908,110152,KECAP BANGO RV 1.5KG,5.,DOS,2.,BKS,0.,BKS,0 Hari,
909,110034,KECAP BANGO RV 200ML,7.,DOS,16.,LOS,0.,BKS,0 Hari,
910,110035,KECAP BANGO RV 550 ML / 700g,30.,DOS,7.,LOS,0.,BKS,0 Hari,
911,110036,KECAP BANGO RV 60ML,53.,DOS,31.,BKS,0.,BKS,0 Hari,
912,110037,KECAP BANGO SC 20 ML,38.,DOS,8.,RTG,0.,RTG,0 Hari,
25/04/2026 11:07:46,,,,,,,,,Halaman ke 18 dari 22,
Posisi Stok,,,,,,,,,,
 s.d 25-04-2026,,,,,,,,,,
,,,,,,,,,,
No,Kode,Nama,,,Qty,,,,Selisih,
913,110119,KECAP DELMIN B xxx,0.,BTL,0.,ISI,0.,ISI,0 Hari,
914,110118,KECAP DELMIN K xxx,0.,BTL,0.,ISI,0.,ISI,0 Hari,
915,110038,KECAP IKAN ILU NC,7.,BTL,0.,BTL,0.,BTL,0 Hari,
916,110132,KECAP KIPAS SATE JRG,2.,JRG,0.,JRG,0.,JRG,0 Hari,
917,110039,KECAP KKK RAJA RASA B,1.,DOS,0.,BTL,0.,BTL,0 Hari,
918,110040,KECAP KKK RAJA RASA K,0.,DOS,18.,BTL,0.,BTL,0 Hari,
919,110041,KECAP KKK RAJA RASA T,0.,DOS,17.,BTL,0.,BTL,0 Hari,
920,110148,KECAP MANIS CAP JEMPOL 450ML,4.,BAL,0.,BKS,0.,BKS,0 Hari,
921,110042,KECAP SAWI B,12.,DOS,7.,BTL,0.,ISI,0 Hari,
922,110131,KECAP SAWI RV 5000an,4.,DOS,3.,PCS,0.,PCS,0 Hari,
923,110127,Kecap Sawi Rv k,2.,DOS,24.,PCS,0.,PCS,0 Hari,
924,110128,KECAP SAWI SC 1000an,1.,DOS,10.,RTG,0.,RTG,0 Hari,
925,110159,KECAP SEDAP 60ML 5+1,16.,DOS,0.,IKT,0.,BKS,0 Hari,
926,110043,KECAP SEDAP BTL,0.,DOS,0.,BTL,0.,BTL, Hari,
927,110044,KECAP SEDAP HIJAU 600ML,8.,DOS,9.,BKS,0.,BKS,0 Hari,
928,110115,KECAP SEDAP HIJAU 60ML,0.,DOS,0.,BKS,0.,BKS,0 Hari,
929,110117,KECAP SEDAP HIJAU SC 1000AN xxx,0.,DOS,0.,RTG,0.,RTG,0 Hari,
930,110045,KECAP SEDAP MJ 140ML,0.,DOS,0.,BTL,0.,BTL,0 Hari,
931,110046,KECAP SEDAP RV 225ML,3.,DOS,15.,LOS,0.,BKS,0 Hari,
932,110047,KECAP SEDAP RV 550 ML,3.,DOS,11.,LOS,0.,BKS,0 Hari,
933,110048,KECAP SEDAP RV 63ML,16.,DOS,20.,BKS,0.,BKS,0 Hari,
934,110049,KECAP SEDAP SC 500-AN,3.,DOS,5.,PRES,0.,PRES,0 Hari,
935,190182,SAOS ROCKY JURIGEN,4.,JRG,0.,JRG,0.,JRG,0 Hari,
,,,,,,,,,,
G000036 - KUE,,,,,,,,,,
936,110057,KHONG GUAN,0.,DOS,0.,KTK,0.,KTK, Hari,
937,200002,TANGO WAFER,5.,DOS,0.,KLG,0.,KLG,0 Hari,
,,,,,,,,,,
G000037 - KRESEK,,,,,,,,,,
938,110089,KRESEK 01*15  CJDW xxxx,0.,IKT,0.,BKS,0.,BKS,0 Hari,
939,110090,KRESEK 02*15 CJDW kecil,20.,IKT,0.,BKS,0.,BKS,0 Hari,
940,110092,KRESEK 02*24  CJDW 3kg,16.,IKT,3.,BKS,0.,BKS,0 Hari,
941,110094,KRESEK 02*28  CJDW xxxx,0.,IKT,0.,BKS,0.,BKS,0 Hari,
942,110095,KRESEK 03*28 CJWD 5kg,11.,IKT,10.,BKS,0.,BKS,0 Hari,
943,110096,KRESEK 03*35 CJDW xxxx,0.,IKT,0.,BKS,0.,BKS,0 Hari,
944,110097,KRESEK 04*40 CJDW besar,3.,IKT,7.,BKS,0.,BKS,0 Hari,
945,110098,KRESEK 04*40 MR CJDW besar,4.,IKT,0.,BKS,0.,BKS,0 Hari,
,,,,,,,,,,
G000038 - KRUPUK,,,,,,,,,,
946,110151,KRUPUK KRUFIN UDANG / BAWANG 500GR,0.,DOS,0.,BKS,0.,BKS,0 Hari,
947,110153,KRUPUK KRUFIN UDANG/ BAWANG 250GR,9.,DOS,2.,BKS,0.,BKS,0 Hari,
948,110099,KRUPUK PESTA,2.,BAL,0.,BAL,0.,BAL,0 Hari,
949,110100,KRUPUK TAHU UNYIL / DACIL,1.,BAL,0.,BAL,0.,BAL,0 Hari,
950,110101,KRUPUK UDANG Kelapa Gading Bungkus,498.,BAL,0.,KG,0.,KG,0 Hari,
951,130104,MLINJO EMPING,5.,DOS,2.,KG,6.,ONS,0 Hari,
,,,,,,,,,,
G000040 - MINYAK GORENG,,,,,,,,,,
952,130061,MINYAK CR,"978,718.",ISI,0.,LOS,0.8,KG,0 Hari,
953,130123,MINYAK GR 2L mix,4.,DOS,2.,BKS,0.,BKS,0 Hari,
954,130096,MINYAK GR ALCO 18L Premium xxx,0.,JRG,0.,JRG,0.,JRG,0 Hari,
955,130077,MINYAK GR ALCO 1L xxx,0.,DOS,0.,BKS,0.,BKS,0 Hari,
956,130062,MINYAK GR ALIBABA 1L,0.,DOS,0.,BKS,0.,BKS,0 Hari,
957,130095,MINYAK GR AMAGO 2L xxx,0.,DOS,0.,BKS,0.,BKS,0 Hari,
958,130064,MINYAK GR BIMOLI CL 18L,4.,JRG,0.,JRG,0.,JRG,0 Hari,
959,130066,MINYAK GR BIMOLI CL 1L xxx,0.,DOS,0.,BKS,0.,BKS,0 Hari,
960,130067,MINYAK GR BIMOLI CL 2L,28.,DOS,3.,BKS,0.,BKS,0 Hari,
25/04/2026 11:07:46,,,,,,,,,Halaman ke 19 dari 22,
Posisi Stok,,,,,,,,,,
 s.d 25-04-2026,,,,,,,,,,
,,,,,,,,,,
No,Kode,Nama,,,Qty,,,,Selisih,
961,130065,MINYAK GR BIMOLI CL 5L,4.,DOS,1.,BTL,0.,JRG,0 Hari,
962,130069,MINYAK GR BIMOLI SP 1L xxx,0.,DOS,0.,BKS,0.,BKS,0 Hari,
963,130070,MINYAK GR BIMOLI SP 2L xxx,0.,DOS,0.,BKS,0.,BKS,0 Hari,
964,130068,MINYAK GR BIMOLI SP 5L xxx,0.,DOS,0.,JRG,0.,JRG,0 Hari,
965,130071,MINYAK GR DORANG 450ML xxx,0.,DOS,0.,IKT,0.,IKT,0 Hari,
966,130125,MINYAK GR FILMA 1L xxx,0.,DOS,0.,PCS,0.,PCS,0 Hari,
967,130072,MINYAK GR FILMA 2L,6.,DOS,4.,BKS,0.,BKS,0 Hari,
968,130074,MINYAK GR FORTUNE 1L BANTAL,0.,DOS,0.,BKS,0.,BKS,0 Hari,
969,130086,MINYAK GR fortune SANIA SOVIA 2L,33.,DOS,1.,BKS,0.,BKS,0 Hari,
970,130080,MINYAK GR FRAIS WELL 1L,46.,DOS,0.,LOS,0.,BKS,0 Hari,
971,130081,MINYAK GR FRAIS WELL 2L xxx,0.,DOS,0.,BKS,0.,BKS,0 Hari,
972,130082,MINYAK GR FRAIS WELL 500ml,38.,DOS,3.,LOS,0.,BKS,0 Hari,
973,130083,MINYAK GR FRAIS WELL 5L xxx,0.,DOS,0.,JRG,0.,JRG,0 Hari,
974,130076,MINYAK GR KITA 5L,0.,DOS,0.,JRG,0.,JRG,0 Hari,
975,130133,MINYAK GR KITA BOTOL 1L xxxxx,0.,DOS,0.,PCS,0.,PCS,0 Hari,
976,130147,MINYAK GR KITA RV PILLOW 1L xxx,0.,DOS,8.,BKS,0.,BKS,0 Hari,
977,130075,MINYAK GR KUDA 500ML xxx,0.,DOS,0.,BTL,0.,BTL,0 Hari,
978,130078,MINYAK GR KUNCI MAS 2L xxx,0.,DOS,0.,BKS,0.,BKS,0 Hari,
979,130146,MINYAK GR RIZKY 800ML BTL,39.,KRAT,7.,BTL,0.,BTL,0 Hari,
980,130079,MINYAK GR ROSE CUP,41.,DOS,18.,LOS,0.,PCS,0 Hari,
981,130085,MINYAK GR SABRINA 2L xxx,0.,DOS,0.,BKS,0.,BKS,0 Hari,
982,130126,MINYAK GR SABRINA 450ML xxx,0.,DOS,0.,PCS,0.,PCS,0 Hari,
983,130084,MINYAK GR SABRINA 900ml xxx,0.,DOS,0.,LOS,0.,BKS,0 Hari,
984,130087,MINYAK GR SEDAP 1L xxx,0.,DOS,0.,BKS,0.,BKS,0 Hari,
985,130094,MINYAK GR SEDAP 20L xxx,0.,JRG,0.,JRG,0.,JRG,0 Hari,
986,130088,MINYAK GR SEDAP 2L xxx,0.,DOS,0.,BKS,0.,BKS,0 Hari,
987,130073,MINYAK GR sovia FORTUNE 1L,13.,DOS,9.,BKS,0.,BKS,0 Hari,
988,130089,MINYAK GR SUNCO 1L xxx,0.,DOS,0.,BKS,0.,BKS,0 Hari,
989,130090,MINYAK GR SUNCO 2 L,79.,DOS,4.,BKS,0.,BKS,0 Hari,
990,130091,MINYAK GR SUNCO 500ML xxx,0.,DOS,0.,BKS,0.,BKS,0 Hari,
991,130092,MINYAK GR SUNCO 5L xxx,0.,DOS,0.,JRG,0.,JRG,0 Hari,
992,130093,MINYAK GR TROPICAL RF 2L xxx,0.,DOS,0.,BKS,0.,BKS,0 Hari,
993,130124,MINYAK KUNCIMAS 900ML xxx,0.,DOS,0.,PCS,0.,PCS,0 Hari,
994,130142,MINYAK POLOS 800ML xxx,0.,KRAT,0.,BTL,0.,BTL,0 Hari,
995,130141,MINYAK POLOS 900ML xxx,0.,KRAT,0.,BTL,0.,BTL,0 Hari,
996,130150,___ MINYAK CR GC,"63,757.",JRG,0.,JRG,0.,JRG,0 Hari,
,,,,,,,,,,
G000041 - MENTEGA,,,,,,,,,,
997,130111,MTG AMANDA 15KG,0.,DOS,0.,KG,0.,KG,0 Hari,
998,130112,MTG BLUE BAND 15KG,0.,DOS,9.,KG,0.5,KG,0 Hari,
999,130113,MTG BLUE BAND 45GR P4000AN xxx,0.,DOS,0.,RTG,0.,RTG,0 Hari,
1000,130114,MTG BLUE BAND MASTER 4.5KG xxx,0.,KTK,0.,KTK,0.,KTK,0 Hari,
1001,130115,MTG BLUE BAND SC 200GR,0.,DOS,0.,BKS,0.,BKS,0 Hari,
1002,130116,MTG BLUE BAND STICK 2000AN xxx,0.,DOS,0.,RTG,0.,RTG,0 Hari,
1003,130117,MTG FORVITA FILMA 200GR,"10,379.",BKS,0.,BKS,0.,BKS,0 Hari,
1004,130118,MTG SIMAS 15KG,26.,DOS,12.,KG,0.,KG,0 Hari,
1005,130119,MTG SIMAS 5KG,0.,DOS,0.,DOS,0.,DOS,0 Hari,
,,,,,,,,,,
G000042 - SAOS,,,,,,,,,,
1006,010027,ARAK MASAK GENTONG,0.,DOS,0.,LOS,0.,BTL,0 Hari,
1007,120010,LKK BLACK PEPPER 230Gr,0.,PCS,0.,PCS,0.,PCS,0 Hari,
1008,120011,LKK SAOS TIRAM 770Gr,0.,DOS,0.,PCS,0.,PCS,0 Hari,
1009,130101,MINYAK WIJEN KUDA PAL,0.,DOS,11.,BTL,0.,BTL,0 Hari,
1010,130102,MINYAK WIJEN LOWO 620ML xxx,0.,BTL,0.,BTL,0.,BTL,0 Hari,
25/04/2026 11:07:46,,,,,,,,,Halaman ke 20 dari 22,
Posisi Stok,,,,,,,,,,
 s.d 25-04-2026,,,,,,,,,,
,,,,,,,,,,
No,Kode,Nama,,,Qty,,,,Selisih,
1011,140002,NIKISARI SAOS SAMBAL,7.,DOS,11.,BKS,0.,BKS,0 Hari,
1012,140001,NIKISARI SAOS TOMAT,3.,DOS,15.,BKS,0.,BKS,0 Hari,
1013,180022,RICE VINEGAR NC TTS cuka jepang,0.,DOS,9.,BTL,0.,BTL,0 Hari,
1014,190166,SAMBAL DUA BELIBIS JRG ,10.,JRG,0.,JRG,0.,JRG,0 Hari,
1015,190023,SAMBAL TERASI FINA,29.,DOS,9.,PRES,0.,PRES,0 Hari,
1016,190174,SAORI LADA HITAM SC,1.,DOS,0.,RTG,0.,RTG,0 Hari,
1017,190173,SAORI TERIYAKI MJ 140ml,1.,DOS,0.,PCS,0.,PCS,0 Hari,
1018,190150,SAORI TERIYAKI SC,1.,DOS,6.,RTG,0.,RTG,0 Hari,
1019,190151,SAORI TIRAM MJ 140ml,2.,DOS,12.,PCS,0.,PCS,0 Hari,
1020,190031,SAOS LOMBOK BAHAGIA,0.,DOS,5.,BTL,0.,BTL,0 Hari,
1021,190032,SAOS LOMBOK TIGA ANAK,8.,DOS,5.,BTL,0.,ISI,0 Hari,
1022,190146,SAOS ROCKY,2.,PETI,28.,PCS,0.,PCS,0 Hari,
1023,190033,SAOS SAMBAL ABC BTL 335ML BELING xxx,0.,DOS,0.,BTL,0.,BTL, Hari,
1024,190034,SAOS SAMBAL ABC MJ 135ML,0.,DOS,43.,BTL,0.,BTL,0 Hari,
1025,190035,SAOS SAMBAL ABC SC.,1.,DOS,19.,PRES,0.,PRES,0 Hari,
1026,190171,SAOS SAMBAL CAP JEMPOL,9.,BAL,0.,BKS,0.,BKS,0 Hari,
1027,190036,SAOS SAMBAL MENJANGAN,3.,DOS,2.,BTL,0.,BTL,0 Hari,
1028,190145,SAOS SAMBAL SASA SC xxx,0.,DOS,0.,PRES,0.,PRES,0 Hari,
1029,190037,SAOS TIRAM PANDA 510GR,0.,LSN,2.,BTL,0.,BTL,0 Hari,
1030,190038,SAOS TOMAT ABC BTL 335ML,0.,DOS,0.,BTL,0.,BTL, Hari,
1031,190030,SAOS TOMAT ABC JRG,16.,,0.,,0.,JRG,0 Hari,
1032,190039,SAOS TOMAT ABC MJ 135ML,0.,DOS,47.,BTL,0.,BTL,0 Hari,
1033,190040,SAOS TOMAT ABC SC.,0.,DOS,17.,PRES,0.,PRES,0 Hari,
1034,190170,SAOS TOMAT CAP JEMPOL,5.,BAL,0.,BKS,0.,BKS,0 Hari,
1035,190041,SAOS TOMAT MENJANGAN,2.,DOS,5.,BTL,0.,BTL,0 Hari,
,,,,,,,,,,
G000043 - PLASTIK,,,,,,,,,,
1036,160034,PLASTIK BOYO HDPE 1/2kg,1.,IKT,3.,PCS,0.,PCS,0 Hari,
1037,160035,PLASTIK BOYO HDPE 1kg,5.,IKT,0.,PCS,0.,PCS,0 Hari,
1038,160025,PLASTIK PE APOLO 1.5KG 18x30,0.,KG,0.,BKS,0.,BKS,0 Hari,
1039,160023,PLASTIK PE APOLO 1/2kg 12x24,30.,KG,0.,BKS,0.,BKS,0 Hari,
1040,160022,PLASTIK PE APOLO 1/4kg 10x20,19.,KG,2.,BKS,0.,BKS,0 Hari,
1041,160024,PLASTIK PE APOLO 1KG 15x27,39.,KG,0.,BKS,0.,BKS,0 Hari,
1042,160026,PLASTIK PE APOLO 2KG 18x35,29.,KG,0.,BKS,0.,BKS,0 Hari,
1043,160027,PLASTIK PE APOLO 3KG 25x40,12.,KG,1.,BKS,0.,BKS,0 Hari,
1044,160013,PLASTIK PE xxxx,0.,KG,0.,BKS,0.,BKS,0 Hari,
1045,160014,PLASTIK PP SEMUT xxx,0.,KG,0.,BKS,0.,BKS,0 Hari,
1046,160015,PLASTIK TIKTAS HD PE 1 1/2KG,4.,IKT,0.,BKS,0.,BKS,0 Hari,
1047,160016,PLASTIK TIKTAS HD PE 1/2KG,11.,IKT,0.,BKS,0.,BKS,0 Hari,
1048,160017,PLASTIK TIKTAS HD PE 1/4KG,14.,IKT,1.,BKS,0.,BKS,0 Hari,
1049,160018,PLASTIK TIKTAS HD PE 1KG,11.,IKT,1.,BKS,0.,BKS,0 Hari,
1050,160019,PLASTIK TIKTAS HD PE 2KG,0.,IKT,0.,BKS,0.,BKS,0 Hari,
,,,,,,,,,,
G000044 - ROKOK,,,,,,,,,,
1051,010038,ALAMI,0.,PRES,0.,PRES,0.,PRES,0 Hari,
1052,180010,ROKOK SURYA12,"4,559.",PRES,5.,PCS,0.,PCS,0 Hari,
1053,180015,XXX ROKOK A MILD 16 xxx,0.,PRES,0.,PRES,0.,PRES,0 Hari,
1054,180014,XXX ROKOK DJI SAM SOE 12 xxx,0.,PRES,0.,PRES,0.,PRES,0 Hari,
1055,180013,XXX ROKOK SURYA KLG xxx,0.,KLG,0.,KLG,0.,KLG,0 Hari,
1056,180011,XXX ROKOK SURYA PRO MR xxx,0.,PRES,0.,PRES,0.,PRES,0 Hari,
1057,180012,XXX ROKOK SURYA PRO PTH xxx,0.,PRES,0.,PRES,0.,PRES,0 Hari,
,,,,,,,,,,
G000045 - SANTAN,,,,,,,,,,
1058,030017,COCO MAXI,46.,DOS,0.,RTG,0.,RTG,0 Hari,
1059,110017,KARA BUBUK,16.,DOS,5.,RTG,0.,RTG, Hari,
25/04/2026 11:07:46,,,,,,,,,Halaman ke 21 dari 22,
Posisi Stok,,,,,,,,,,
 s.d 25-04-2026,,,,,,,,,,
,,,,,,,,,,
No,Kode,Nama,,,Qty,,,,Selisih,
1060,190024,SANTAN BUBUK SASA,1.,DOS,0.,PRES,0.,PRES, Hari,
1061,190025,SANTAN KARA BUBUK,4.,DOS,0.,RTG,0.,RTG,0 Hari,
1062,190027,SANTAN ROSE TCA,0.,DOS,20.,BKS,0.,BKS,0 Hari,
1063,190175,SANTAN SASA / COCOMAXI TCA ISI32,13.,DOS,13.,PCS,0.,PCS,0 Hari,
,,,,,,,,,,
G000051 - TEH,,,,,,,,,,
1064,200003,TEH 999,5.,BAL,9.,PRES,0.,BKS,0 Hari,
1065,200004,TEH DANDANG MERAH xxx,0.,PRES,0.,PRES,0.,PRES, Hari,
1066,200005,TEH GELAS xxx,0.,DOS,0.,DOS,0.,DOS,0 Hari,
1067,200007,TEH NAGA KOTAK CELUP,12.,DOS,15.,LOS,0.,KTK,0 Hari,
1068,200008,TEH NAGA PLASTIK,26.,DOS,12.,PRES,1.,PAK,0 Hari,
1069,200009,TEH SARIMELATI xxx,0.,DOS,0.,LSN,0.,LSN, Hari,
1070,200071,TEH SARIMURNI SC,0.,DOS,1.,RTG,0.,RTG,0 Hari,
1071,200010,TEH SARIWANGI KTK,3.,DOS,36.,KTK,0.,KTK,0 Hari,
1072,200011,TEH SARIWANGI SC,5.,DOS,17.,LSN,0.,LSN,0 Hari,
1073,200012,TEH SOSRO KTK TB 30,2.,DOS,1.,PRES,3.,KTK,0 Hari,
1074,200069,TEH SOSRO SC ISI10 Baru,3.,DOS,5.,RTG,0.,RTG,0 Hari,
1075,200014,TEH TONG DJI 25 MELATI,19.,PRES,0.,PRES,4.,KTK,0 Hari,
1076,200015,TEH TONG DJI SUPER 40GR xxx,0.,BAL,0.,PRES,0.,PRES, Hari,
1077,200080,TONG DJI AMPLOP,4.,KTK,0.,KTK,0.,KTK,0 Hari,
25/04/2026 11:07:46,,,,,,,,,Halaman ke 22 dari 22,
